10001,CASP3
10002,TP53
10003,MMP9
10004,BCL2
10005,BAX
10006,CDKN1A
10007,MMP2
10008,CCND1
10009,PARP1
10010,MAPK1
10011,TNF
10012,HMOX1
10013,CYP1A2
10014,MAPK3
10015,CASP9
10016,AKT1
10017,CAT
10018,IL1B
10019,PTGS2
10020,IL6
10021,CASP8
10022,JUN
10023,H2AX
10024,CYP1A1
10025,SOD2
10026,RELA
10027,MYC
10028,NFKBIA
10029,CCNB1
10030,SOD1
10031,VEGFA
10032,CYP2E1
10033,NQO1
10034,NFE2L2
10035,EGFR
10036,BIRC5
10037,PCNA
10038,DDIT3
10039,STAT3
10040,CDK1
10041,BCL2L1
10042,TGFB1
10043,GSTM1
10044,MKI67
10045,GSR
10046,CCL2
10047,FOS
10048,CDKN1B
10049,GSTP1
10050,CASP7
10051,CDH1
10052,MDM2
10053,CCNA2
10054,HIF1A
10055,MAPK8
10056,NOS2
10057,CXCL8
10058,FAS
10059,ABCB1
10060,CTNNB1
10061,GPX1
10062,HSPA5
10063,EPHX1
10064,GSK3B
10065,GADD45A
10066,CYP1B1
10067,ALDH1A1
10068,RB1
10069,NFKB1
10070,IFNG
10071,GCLC
10072,EGR1
10073,PPARG
10074,ESR1
10075,ABCC3
10076,COL1A1
10077,CYCS
10078,GDF15
10079,TRP53
10080,ABCC2
10081,CDK2
10082,TNFRSF10B
10083,GSTA2
10084,POR
10085,TIMP1
10086,ALB
10087,GPT
10088,SQSTM1
10089,GJA1
10090,TNFSF10
10091,IGF1
10092,TOP2A
10093,PPARA
10094,ATF3
10095,CDK4
10096,FASN
10097,KRAS
10098,IL10
10099,PTEN
10100,CD44
10101,CYP3A4
10102,NR1I2
10103,FN1
10104,SERPINE1
10105,CEBPB
10106,FOSL1
10107,VIM
10108,APAF1
10109,SPP1
10110,MTOR
10111,ICAM1
10112,MGMT
10113,CCNG1
10114,ACTA2
10115,DNMT1
10116,MCL1
10117,STAT1
10118,AR
10119,BAD
10120,GSTM3
10121,SRC
10122,ABCC1
10123,NR1I3
10124,BBC3
10125,CYP2B1
10126,ERBB2
10127,CREB1
10128,CCNE1
10129,CXCL10
10130,GSTA3
10131,ABCG2
10132,VCAM1
10133,SREBF1
10134,GPX3
10135,MAPK14
10136,CYP2B10
10137,CYP3A23-3A1
10138,RAD51
10139,CDH2
10140,CCL5
10141,IL2
10142,AKR7A3
10143,IGF1R
10144,BAK1
10145,AHR
10146,GSTM2
10147,TYMS
10148,ODC1
10149,BDNF
10150,GPX2
10151,SLC2A1
10152,SP1
10153,CASP1
10154,CDKN2A
10155,CDC20
10156,PLAU
10157,BID
10158,LDHA
10159,HSPB1
10160,GSTA4
10161,IKBKB
10162,SCD1
10163,HSPA1A
10164,IGFBP3
10165,IL4
10166,GSTA1
10167,KRT19
10168,GSTA5
10169,EDN1
10170,NOS3
10171,CDK6
10172,SNAI1
10173,DUSP1
10174,MT2A
10175,E2F1
10176,CCND2
10177,BECN1
10178,UGT1A1
10179,CHEK1
10180,HRAS
10181,IER3
10182,BIRC3
10183,COL1A2
10184,FASLG
10185,CD36
10186,CCN2
10187,PGR
10188,MPO
10189,ACACA
10190,CYP3A11
10191,RRM2
10192,GCLM
10193,CXCL1
10194,MAP1LC3B
10195,APP
10196,MAPK9
10197,LPL
10198,TFRC
10199,BTG2
10200,TNFAIP3
10201,SRXN1
10202,F3
10203,NR3C1
10204,RPS6KB1
10205,CCNB2
10206,HSP90AA1
10207,AURKA
10208,CYP2B2
10209,FGF2
10210,MCM5
10211,TXNIP
10212,ATF4
10213,LEP
10214,G6PC1
10215,IL1A
10216,TXNRD1
10217,INSIG1
10218,UGT1A6
10219,CXCL12
10220,HSPA9
10221,RPS6
10222,KEAP1
10223,IRS1
10224,TK1
10225,MCM2
10226,HMGCR
10227,BNIP3
10228,TIMP2
10229,STMN1
10230,TRIB3
10231,ATM
10232,PTGS1
10233,ABCC4
10234,JUNB
10235,GSTT1
10236,PMAIP1
10237,DDIT4
10238,IL18
10239,CDC25C
10240,PRC1
10241,PPARGC1A
10242,G6PD
10243,UBE2C
10244,SULT1A1
10245,TLR4
10246,BCL2L11
10247,SNCA
10248,RHOB
10249,PIK3R1
10250,BRCA1
10251,EIF4EBP1
10252,MAFF
10253,SAT1
10254,CSF2
10255,PRKCA
10256,MMP13
10257,CDKN3
10258,SGK1
10259,HSPD1
10260,HMGCS1
10261,NTRK2
10262,TAGLN
10263,MAP2K1
10264,ACOT1
10265,ID1
10266,CLU
10267,ESR2
10268,KIT
10269,HMGB2
10270,ID2
10271,CD14
10272,PTTG1
10273,KRT8
10274,TNC
10275,KRT18
10276,APOA4
10277,FABP4
10278,HSPH1
10279,MET
10280,AREG
10281,ME1
10282,C3
10283,MT1
10284,CHEK2
10285,BCL6
10286,CXCR4
10287,DNMT3A
10288,GOT1
10289,CXCL2
10290,EGF
10291,IGFBP1
10292,COL3A1
10293,PHLDA3
10294,ALPL
10295,AURKB
10296,HBEGF
10297,PLIN2
10298,TSC22D1
10299,S100A8
10300,EIF2S1
10301,IGFBP2
10302,ACOX1
10303,ALAS1
10304,CTSD
10305,CFLAR
10306,PCK1
10307,CYP19A1
10308,SLC7A11
10309,ABCB1B
10310,OAT
10311,ANXA2
10312,HSPE1
10313,ISG15
10314,PKM
10315,CEBPD
10316,PDGFRB
10317,NUPR1
10318,CAV1
10319,NOTCH1
10320,HSPA8
10321,PHLDA1
10322,SCD
10323,ABCA1
10324,FSHB
10325,DUSP6
10326,CRYAB
10327,PLK1
10328,FST
10329,CPT1A
10330,MMP3
10331,NCF1
10332,KIF20A
10333,CDKN1C
10334,SOX2
10335,MT1A
10336,OCLN
10337,SIRT1
10338,IGFBP5
10339,FOXO3
10340,CITED2
10341,MSH2
10342,FYN
10343,EHHADH
10344,KDR
10345,CCL3
10346,PDIA3
10347,MCM6
10348,LDLR
10349,TH
10350,OGG1
10351,GFAP
10352,SNAI2
10353,NRG1
10354,EIF2AK3
10355,GGT1
10356,NDRG1
10357,IL12B
10358,PPP1R15A
10359,LGALS3
10360,CEBPA
10361,APOE
10362,GADD45B
10363,S100A9
10364,CCN1
10365,NPM1
10366,AFP
10367,NCF2
10368,PLAT
10369,DCN
10370,ABCB4
10371,CENPF
10372,LHB
10373,UGT2B1
10374,ID3
10375,KLK3
10376,PTK2
10377,SMAD2
10378,MCM7
10379,ADM
10380,STAR
10381,TGFA
10382,BIRC2
10383,PMP22
10384,PROM1
10385,SERPINB2
10386,NANOG
10387,AKT2
10388,BUB1
10389,CYP7B1
10390,LMNB1
10391,IGFBP4
10392,MAD2L1
10393,LYN
10394,MSMO1
10395,PLAUR
10396,MMP1
10397,GADD45G
10398,HES1
10399,PBK
10400,ACSL1
10401,CCNE2
10402,HPRT1
10403,SREBF2
10404,TIMP3
10405,PRKCB
10406,SMAD3
10407,AKR1B10
10408,ANXA1
10409,HMGB1
10410,PHGDH
10411,LITAF
10412,CASP2
10413,HK2
10414,GSS
10415,MBP
10416,HDAC1
10417,TNFRSF1A
10418,SLC3A2
10419,INS1
10420,LOX
10421,CALR
10422,NUSAP1
10423,CTH
10424,GAPDH
10425,TGFBR2
10426,SQLE
10427,RGS2
10428,ABCC5
10429,CYP26A1
10430,CYP3A2
10431,ARG1
10432,CYP4A10
10433,CKS2
10434,THBS1
10435,PLK2
10436,ANXA4
10437,CYP7A1
10438,APOC3
10439,SFN
10440,ABCB1A
10441,ANPEP
10442,NAMPT
10443,MCM4
10444,GPX4
10445,TAP1
10446,PRKDC
10447,TGFB2
10448,IFIT1
10449,NR1H4
10450,NOX4
10451,PRKCD
10452,NRP1
10453,ABCG5
10454,CROT
10455,RAC1
10456,UNG
10457,FKBP5
10458,CENPE
10459,PDK1
10460,IL33
10461,MAPT
10462,TUBB5
10463,IDI1
10464,TPM1
10465,ACHE
10466,ACTB
10467,CYBB
10468,TSC22D3
10469,FBXO32
10470,GHR
10471,TNFRSF12A
10472,IGF2
10473,DPYD
10474,NR4A1
10475,BHLHE40
10476,CCND3
10477,CP
10478,TJP1
10479,KLF4
10480,INSR
10481,ERN1
10482,BMAL1
10483,DBI
10484,ANXA3
10485,BHMT
10486,GSTM4
10487,EPCAM
10488,RAF1
10489,GLUL
10490,GPNMB
10491,DECR1
10492,CDKN2B
10493,NFIL3
10494,HSPA2
10495,PSAT1
10496,CASP4
10497,KLF6
10498,MYLK
10499,ACLY
10500,CD86
10501,ITGB1
10502,CFB
10503,FTH1
10504,SLC27A2
10505,DUSP5
10506,ATP1B1
10507,FMO1
10508,ATG5
10509,CRP
10510,FOXM1
10511,GLRX
10512,POSTN
10513,EGLN3
10514,CTSL
10515,SLC2A3
10516,TLR2
10517,RRM1
10518,SOX4
10519,EEF2
10520,IRS2
10521,SOX9
10522,EMP1
10523,KIF23
10524,CCL20
10525,MMP14
10526,PRKAA1
10527,EP300
10528,G0S2
10529,IFRD1
10530,ABCB11
10531,ENC1
10532,LCN2
10533,RARA
10534,NLRP3
10535,AKR1B1
10536,NR0B2
10537,SLC10A1
10538,SPARC
10539,CSF1
10540,CYB5A
10541,SULT2A1
10542,SOCS3
10543,INHBA
10544,CLDN1
10545,ASS1
10546,ATF2
10547,IL11
10548,FHL2
10549,PER2
10550,CDO1
10551,LIF
10552,SLC16A1
10553,S100A4
10554,COL18A1
10555,PRNP
10556,CCNF
10557,SLCO1A1
10558,FOXO1
10559,HSP90B1
10560,SPHK1
10561,SLC29A1
10562,INS
10563,TMPO
10564,F2R
10565,ENO1
10566,TFPI2
10567,MDH1
10568,THRA
10569,ANGPTL4
10570,CCNG2
10571,TMSB10
10572,CD68
10573,DHFR
10574,CDC25A
10575,E2F8
10576,EPHX2
10577,CES2
10578,S100A10
10579,FANCD2
10580,STC2
10581,ENPP2
10582,TUBB4B
10583,IFIT3
10584,CREM
10585,IL1RN
10586,AHCY
10587,ACTA1
10588,SLC2A4
10589,S100A6
10590,ITPR1
10591,CYP2B6
10592,APOB
10593,PKLR
10594,VLDLR
10595,RUNX2
10596,HGF
10597,SLC6A6
10598,S100A11
10599,NGF
10600,PGF
10601,MAP2K6
10602,NAT8
10603,CXCL5
10604,EREG
10605,SLCO1A4
10606,FGF1
10607,CYP4A14
10608,HAL
10609,HMGCS2
10610,NEDD9
10611,DLGAP5
10612,PDCD4
10613,CREBBP
10614,FABP1
10615,CDCA3
10616,PDGFB
10617,CDC25B
10618,MGST1
10619,JUND
10620,PDGFA
10621,KYNU
10622,LGALS1
10623,PDGFRA
10624,SFRP1
10625,LIFR
10626,EDNRB
10627,PRDX1
10628,CTSB
10629,KIF2C
10630,CDC45
10631,AOX1
10632,PIM1
10633,PLSCR1
10634,SERPINE2
10635,BUB1B
10636,FADS1
10637,COL4A1
10638,SLC16A3
10639,DAB2
10640,DNMT3B
10641,HSD11B1
10642,NFKB2
10643,FBLN1
10644,KLF9
10645,CD74
10646,MT2
10647,ACO1
10648,ALAD
10649,ERBB3
10650,NR1D1
10651,DSC2
10652,RFC3
10653,APEX1
10654,BDH1
10655,CHUK
10656,BNIP3L
10657,B2M
10658,SKP2
10659,C1S
10660,PRDX2
10661,RAD51AP1
10662,ALDH2
10663,MLH1
10664,NFIB
10665,DDAH1
10666,GCK
10667,GPAM
10668,IL1R1
10669,PLD1
10670,DIABLO
10671,SLC7A5
10672,CASP6
10673,DST
10674,UCP2
10675,IL12A
10676,KCTD12
10677,IRF7
10678,CYBA
10679,ERCC1
10680,NEK2
10681,SLC1A3
10682,ADAMTS1
10683,HSPA1B
10684,ACAA2
10685,EZH2
10686,TTK
10687,EFNA1
10688,LSS
10689,HELLS
10690,ALDOA
10691,MTUS1
10692,VDR
10693,FDFT1
10694,FEN1
10695,ECT2
10696,PTP4A1
10697,GSN
10698,GSTO1
10699,VNN1
10700,ITGAV
10701,ANXA5
10702,SLC40A1
10703,MSH6
10704,BMP2
10705,MAOA
10706,CYP17A1
10707,CYP8B1
10708,PHLDA2
10709,EGR2
10710,CDCA8
10711,NES
10712,CTSS
10713,ACAT2
10714,MYD88
10715,MX1
10716,MMP10
10717,FMO5
10718,DNAJA1
10719,SULT1E1
10720,KPNA2
10721,PTGES
10722,TPI1
10723,ALDH3A1
10724,F2
10725,SELENOP
10726,FADD
10727,ACACB
10728,IL17A
10729,HSP90AB1
10730,PLK3
10731,LEF1
10732,PON1
10733,ALCAM
10734,HSD3B1
10735,TUBB2B
10736,NDRG2
10737,IL7R
10738,THBD
10739,RARB
10740,RXRA
10741,CYP2C11
10742,HSF1
10743,TF
10744,POLA1
10745,ACADL
10746,RACGAP1
10747,HPCAL1
10748,TGM2
10749,ALAS2
10750,GSTM5
10751,SLC22A5
10752,NME1
10753,TFF1
10754,CLDN4
10755,TUBA1A
10756,POU5F1
10757,THRSP
10758,ITGAM
10759,DNAJB1
10760,FLT1
10761,RBP1
10762,HSD17B10
10763,IHH
10764,JAK2
10765,CST3
10766,SLC11A2
10767,AKAP12
10768,PRLR
10769,SCARB1
10770,TPX2
10771,TXN
10772,MCM3
10773,ACAT1
10774,VEGFC
10775,A2M
10776,ADIPOQ
10777,ABCC6
10778,RGCC
10779,BAG3
10780,TGFBI
10781,DAPK1
10782,HAS2
10783,IRF1
10784,PRL
10785,BTG1
10786,IFITM1
10787,FGFR2
10788,CCL7
10789,TERT
10790,SLC19A2
10791,RELB
10792,DGAT2
10793,LRP1
10794,NREP
10795,SLC2A2
10796,MX2
10797,IGFBP7
10798,HNF4A
10799,MMP7
10800,MAT1A
10801,KLHL24
10802,IFIT2
10803,FDPS
10804,ABCD3
10805,CAR3
10806,NT5E
10807,SESN2
10808,ATF5
10809,CYP11A1
10810,ATP5F1A
10811,PECAM1
10812,NFIA
10813,CD9
10814,RCAN1
10815,PLA2G4A
10816,GCH1
10817,HSPB8
10818,CDCA2
10819,SMC4
10820,ATF6
10821,SERPINA7
10822,CASP12
10823,HAO2
10824,IL1RL1
10825,JAK1
10826,CTSH
10827,GJB2
10828,MAP3K1
10829,SLCO2A1
10830,SMOX
10831,FBP1
10832,ETS2
10833,ACE
10834,AGT
10835,TCF7L2
10836,IL1R2
10837,FABP5
10838,NR1H3
10839,DES
10840,GBE1
10841,MAP2K2
10842,SORBS1
10843,CDC6
10844,TUBB2A
10845,RAC2
10846,SLC22A1
10847,STAT5B
10848,CYP26B1
10849,KLF5
10850,NR1D2
10851,APOA1
10852,PSRC1
10853,MIR21
10854,IFI44
10855,CBR1
10856,PTGR1
10857,MARCKS
10858,GJB1
10859,AIFM1
10860,CPT2
10861,ITGB5
10862,TYMP
10863,TUBA4A
10864,SLC30A1
10865,CKM
10866,COL5A1
10867,COL5A2
10868,PPP1R3C
10869,SRD5A1
10870,NFKBIZ
10871,PROCR
10872,AQP1
10873,DUSP4
10874,VDAC1
10875,FHL1
10876,RGN
10877,HADH
10878,PTX3
10879,CD274
10880,EEF1A1
10881,VCAN
10882,IGFBP6
10883,GBP2
10884,COL4A2
10885,HMGA2
10886,LMNA
10887,TNFRSF21
10888,ACSS2
10889,DDX17
10890,RPS27L
10891,ATP7B
10892,MGP
10893,DNAJB9
10894,RASSF1
10895,ATP2A2
10896,ACSL4
10897,CLDN2
10898,MIF
10899,MME
10900,PLPP3
10901,EPAS1
10902,MTHFD2
10903,IER2
10904,TNFSF9
10905,RSAD2
10906,LPIN1
10907,FGFR1
10908,SELENBP1
10909,BCL3
10910,SPTBN1
10911,MAP2K4
10912,SLC5A1
10913,ECH1
10914,HSD17B4
10915,ACKR3
10916,EIF5
10917,SULF2
10918,LPIN2
10919,PDIA4
10920,CSRP2
10921,TRIP13
10922,LIG1
10923,TNFRSF11B
10924,IDH1
10925,CENPA
10926,CYP2B9
10927,PRKCZ
10928,INMT
10929,CXCL9
10930,CFI
10931,HMGA1
10932,UPP1
10933,CYP2C29
10934,GTSE1
10935,MVD
10936,HAMP
10937,SDC4
10938,SPC25
10939,CYP2C9
10940,SIK1
10941,BACH1
10942,COTL1
10943,INHBB
10944,CALD1
10945,DUSP10
10946,UBC
10947,ATP5F1B
10948,SERPINH1
10949,ELOVL6
10950,RGS16
10951,TGFBR1
10952,IL13
10953,GINS2
10954,TFPI
10955,CENPU
10956,ITGA5
10957,AMACR
10958,GPD1
10959,ABCG8
10960,ACSL3
10961,SFRP2
10962,NDC80
10963,NGFR
10964,EEPD1
10965,PLCB1
10966,TRIB1
10967,CDA
10968,SHC1
10969,PYCARD
10970,REL
10971,CTSC
10972,THRB
10973,CKB
10974,CYP51
10975,KRT15
10976,STEAP4
10977,PTPRF
10978,RHOA
10979,AK3
10980,SPSB1
10981,ADGRE1
10982,DNAJC3
10983,HILPDA
10984,HDAC5
10985,TCF19
10986,ETS1
10987,S1PR1
10988,ADD3
10989,ADH4
10990,PGK1
10991,MSRA
10992,DLC1
10993,HSPA4L
10994,INSIG2
10995,TUBA1C
10996,CSTB
10997,CHAC1
10998,ECM1
10999,KRT23
11000,DDX21
11001,UCHL1
11002,GK
11003,LDHB
11004,MAT2A
11005,NTRK1
11006,ASPM
11007,ITGA6
11008,RND3
11009,AGTR1A
11010,IGFALS
11011,PGD
11012,SLCO2B1
11013,GAS6
11014,TGFB3
11015,CX3CL1
11016,TFAP2A
11017,GNMT
11018,RTN4
11019,KIF15
11020,TTR
11021,SESN1
11022,SLC20A1
11023,APCS
11024,MCM10
11025,MXD1
11026,SDC2
11027,TRA2A
11028,NFAT5
11029,RORA
11030,STIP1
11031,LEPR
11032,CCNA1
11033,TUBB6
11034,BMP4
11035,HNRNPA1
11036,GAP43
11037,ITGA3
11038,CLDN3
11039,GRB10
11040,LYZ
11041,SRGN
11042,TGFBR3
11043,CDKN2C
11044,FLNA
11045,HMMR
11046,LCAT
11047,MAP2K3
11048,HSD3B5
11049,TNFSF11
11050,NPPB
11051,HIPK2
11052,PTPRC
11053,ACOT2
11054,BCHE
11055,ALDH3A2
11056,FOXA2
11057,SLC1A2
11058,POLE2
11059,PTPRD
11060,FETUB
11061,SATB1
11062,CAPN2
11063,TP53INP1
11064,COMT
11065,PAWR
11066,CD63
11067,SLC38A2
11068,ATG12
11069,CFD
11070,ACADM
11071,LAMC2
11072,BGLAP
11073,CPT1B
11074,CYP3A13
11075,CD59
11076,ATAD2
11077,NASP
11078,MAPK13
11079,COL12A1
11080,PER3
11081,UGDH
11082,AKT3
11083,BLM
11084,CAPG
11085,RRM2B
11086,CTTN
11087,MYH10
11088,RFC4
11089,MAP3K6
11090,PLA2G2A
11091,RRAD
11092,HBB
11093,NFIX
11094,GMNN
11095,GULO
11096,JAG1
11097,HPGD
11098,FAM43A
11099,GPCPD1
11100,FOSB
11101,P4HA1
11102,PINK1
11103,GSTT3
11104,TRIM24
11105,PROS1
11106,HERPUD1
11107,KRT5
11108,ROCK1
11109,CLCF1
11110,DDB2
11111,DEPDC1B
11112,STAT2
11113,HSPA4
11114,CAMK2B
11115,PIR
11116,CRY1
11117,UGCG
11118,DKK1
11119,PTCH1
11120,ELF3
11121,AQP3
11122,PRKCE
11123,TACC3
11124,PAPSS2
11125,FADS2
11126,MID1
11127,LTB
11128,NFKBIB
11129,GPC1
11130,QKI
11131,ATP5IF1
11132,P4HB
11133,USP18
11134,HSD11B2
11135,DBP
11136,NR4A3
11137,GEM
11138,NR4A2
11139,PTPRG
11140,MTHFD1L
11141,DNAJB4
11142,TIPARP
11143,IL7
11144,MMD
11145,CKAP2
11146,NHERF1
11147,RAN
11148,GLI1
11149,MAP4K4
11150,ATP2B1
11151,DFFA
11152,ALDH1A7
11153,APOC1
11154,PSMA5
11155,S100P
11156,EGR3
11157,SMC2
11158,GRIN1
11159,DHCR7
11160,STAT6
11161,CDCA5
11162,MDK
11163,OPTN
11164,ERRFI1
11165,SMAD1
11166,PDK4
11167,PER1
11168,LIMCH1
11169,FOSL2
11170,HNRNPA2B1
11171,EZR
11172,MYBL2
11173,TSC2
11174,PTHLH
11175,CDH13
11176,SPINK1
11177,GPER1
11178,SLC1A5
11179,MYBL1
11180,SLC39A8
11181,TNFRSF1B
11182,ACTN1
11183,CXCL16
11184,EFNB2
11185,AKR1C1
11186,GPAT3
11187,PDLIM1
11188,NCL
11189,NEDD4L
11190,NFATC1
11191,POLR2L
11192,ACOX2
11193,PRDX3
11194,GATA3
11195,BCAT1
11196,CANX
11197,GRN
11198,DUT
11199,SORT1
11200,SDC1
11201,UHRF1
11202,ENO2
11203,HDC
11204,PLG
11205,ENTPD5
11206,GLIPR1
11207,COL6A1
11208,UBD
11209,MAP3K5
11210,SORD
11211,SPAG5
11212,TSPO
11213,MAP2
11214,CADM1
11215,CD40
11216,PIGR
11217,DKK3
11218,GABARAPL1
11219,NLRP12
11220,SOCS2
11221,MYOF
11222,TRAF1
11223,GSTT2
11224,DRAM1
11225,NET1
11226,CALM1
11227,UBE2T
11228,MALAT1
11229,HYOU1
11230,TWIST1
11231,PEX11A
11232,ALOX5
11233,SLC6A9
11234,ACAD11
11235,CCPG1
11236,TUBB3
11237,GCHFR
11238,ECI1
11239,LY6E
11240,PAH
11241,FABP3
11242,SGMS1
11243,CDC42
11244,PRKN
11245,FILIP1L
11246,PAICS
11247,LUM
11248,CFH
11249,PPARD
11250,COL6A2
11251,MGLL
11252,PDLIM5
11253,SUV39H1
11254,CKS1B
11255,NR2F1
11256,ARG2
11257,APC
11258,BGN
11259,CPS1
11260,FABP7
11261,MMP12
11262,CD55
11263,ORM1
11264,EIF4E
11265,JUP
11266,FBN1
11267,SULT1B1
11268,MUC1
11269,VCP
11270,KCNH2
11271,BAAT
11272,GLS2
11273,BRCA2
11274,SYNE1
11275,BSG
11276,PLEC
11277,RPL6
11278,TALDO1
11279,PPM1D
11280,RAD23B
11281,ADA
11282,CSF1R
11283,PEMT
11284,PPP3CA
11285,TP53I3
11286,CD81
11287,FBXO5
11288,TRIM2
11289,SMAD7
11290,SIVA1
11291,AGRN
11292,BIK
11293,CRISPLD2
11294,SERPINF1
11295,CAMK2A
11296,HTRA1
11297,RBL1
11298,PCK2
11299,AVPR1A
11300,ATP8B1
11301,SERTAD1
11302,DBF4
11303,HACL1
11304,C6
11305,TIMELESS
11306,PPM1A
11307,ACADVL
11308,IL1RAP
11309,IL6ST
11310,AXL
11311,SHCBP1
11312,AK4
11313,HP
11314,ADH1
11315,AHNAK
11316,KIF11
11317,NIBAN1
11318,CDH3
11319,FNDC3B
11320,TAT
11321,EFEMP1
11322,POMC
11323,IARS1
11324,IL4R
11325,KDM6B
11326,NRIP1
11327,ANP32A
11328,SLC4A1
11329,RIPK3
11330,MXI1
11331,OSGIN1
11332,MAFG
11333,MAP1LC3A
11334,AXIN2
11335,ADORA2B
11336,EIF5A
11337,LAMB3
11338,LIPC
11339,TENT5C
11340,FOXN3
11341,LBH
11342,OLR1
11343,CCR2
11344,PDE4B
11345,TDO2
11346,UNC5B
11347,IFI27
11348,NR2F2
11349,MYH9
11350,OGDH
11351,SYNCRIP
11352,IER5
11353,KRT10
11354,CD47
11355,COL6A3
11356,CYP4A1
11357,FKBP1A
11358,IL13RA1
11359,INHBE
11360,UGT1A9
11361,ACE2
11362,ACSL5
11363,SDHA
11364,TAGLN2
11365,NAT2
11366,TKT
11367,ABHD4
11368,ATP6V1D
11369,CAPN1
11370,GH1
11371,MYH7
11372,SORBS2
11373,KITLG
11374,CFTR
11375,PLK4
11376,ACTC1
11377,ANTXR1
11378,EPO
11379,PCLAF
11380,PFKFB3
11381,RAD51C
11382,SLC22A18
11383,TNFRSF11A
11384,ABLIM1
11385,TSKU
11386,ATR
11387,TNFAIP6
11388,KDELR3
11389,MYL9
11390,CCL6
11391,MRC1
11392,STC1
11393,CEMIP2
11394,FGL2
11395,RRAGD
11396,USP2
11397,EIF2S2
11398,PODXL
11399,ATG7
11400,E2F2
11401,TNFRSF19
11402,AKR1C3
11403,FMNL2
11404,IGF2R
11405,PCSK9
11406,TMPRSS2
11407,GPRC5A
11408,PNRC1
11409,MGST2
11410,KLF2
11411,EPS8
11412,SOAT1
11413,MAPKAPK2
11414,THBS2
11415,TRPV1
11416,COX5A
11417,TNFAIP2
11418,BCAR3
11419,VAV3
11420,H19
11421,MANF
11422,CISH
11423,DCXR
11424,EDNRA
11425,ESPL1
11426,CD37
11427,CES2C
11428,MELK
11429,PAM
11430,PSMA2
11431,SOD3
11432,LGALS3BP
11433,PC
11434,HIVEP2
11435,UGP2
11436,ENO3
11437,SFXN1
11438,HBA1
11439,UAP1
11440,TCF4
11441,ATP1A1
11442,KIF22
11443,BMF
11444,C1QB
11445,CHORDC1
11446,SOCS1
11447,CHAC2
11448,GBP1
11449,SERPINA6
11450,ALDH4A1
11451,BMP7
11452,CYP2A6
11453,SMO
11454,DIO1
11455,PLXNB2
11456,FBXO30
11457,MPST
11458,GFRA1
11459,ANLN
11460,TES
11461,ADGRG1
11462,NT5DC2
11463,AVPI1
11464,CD38
11465,CNN1
11466,ADAMTS5
11467,RGS4
11468,DLD
11469,GLS
11470,NOL3
11471,F5
11472,CHI3L1
11473,MYO1B
11474,NCAPH
11475,GAS1
11476,SEL1L
11477,SYNPO
11478,TNS1
11479,RAD50
11480,LMCD1
11481,ABHD2
11482,NAP1L1
11483,GNAI2
11484,PRSS23
11485,F11R
11486,CSRNP1
11487,LY96
11488,RPSA
11489,TRAF6
11490,RND1
11491,TRADD
11492,ULK1
11493,DDC
11494,PON2
11495,ABL1
11496,HSD17B6
11497,FECH
11498,PSMB8
11499,TNFAIP8
11500,THY1
11501,MCF2L
11502,ASPH
11503,NCAPD2
11504,TXNL1
11505,ME2
11506,RECK
11507,RGS1
11508,CIDEA
11509,MAF
11510,DNM1L
11511,EIF2A
11512,ID4
11513,ITPR3
11514,PFKP
11515,TLR1
11516,TPM3
11517,INCENP
11518,DBN1
11519,NFKBIE
11520,PIK3CA
11521,RUNX1
11522,SLC7A2
11523,DMBT1
11524,ESM1
11525,MFGE8
11526,ABCG1
11527,TFDP1
11528,SHMT1
11529,SLC2A5
11530,ABI3BP
11531,JCHAIN
11532,SLC7A1
11533,METRNL
11534,CEP55
11535,FSCN1
11536,PGRMC1
11537,ELK1
11538,IDH2
11539,MAPK10
11540,ANK2
11541,BTG3
11542,CMPK2
11543,PPIA
11544,CYB5R3
11545,MFN2
11546,OAS3
11547,TRAF3
11548,AGR2
11549,CDC34
11550,SCPEP1
11551,MOXD1
11552,SLC22A7
11553,DDX39A
11554,RPL17
11555,ITGA1
11556,RBL2
11557,CHD2
11558,SERPINA3K
11559,HDAC4
11560,KNG1
11561,CLMN
11562,DTYMK
11563,HSDL2
11564,GSTK1
11565,ANGPT1
11566,KRT7
11567,CBS
11568,CTNNA1
11569,PDPK1
11570,ADAMTS9
11571,DEPDC1
11572,DCLK1
11573,GAMT
11574,BCL2A1
11575,DHRS3
11576,PLOD2
11577,ETFA
11578,BMI1
11579,MTF1
11580,PTPRE
11581,RAMP1
11582,TRIB2
11583,LMO7
11584,PLA2G6
11585,SESN3
11586,TSHB
11587,FOXA1
11588,BCKDHB
11589,HELZ2
11590,LAMB1
11591,AQP9
11592,GCNT3
11593,CYP27A1
11594,LAMC1
11595,RAB31
11596,SRSF1
11597,LASP1
11598,TPM4
11599,TNFRSF10A
11600,CPEB2
11601,CRYL1
11602,IDE
11603,ALDOB
11604,ECE1
11605,GPC4
11606,H2BC5
11607,IVL
11608,SLC25A4
11609,AEN
11610,CBX5
11611,GCNT2
11612,CTNNAL1
11613,EEF1A2
11614,ORC6
11615,CREB5
11616,LRRFIP1
11617,TXN1
11618,LY6D
11619,MGST3
11620,CLDN7
11621,DIO2
11622,NMT2
11623,RASL11B
11624,KIF20B
11625,MEF2C
11626,GINS1
11627,KNTC1
11628,NEK6
11629,NFE2L3
11630,HIGD1A
11631,PPP1CB
11632,MVP
11633,HSPA12A
11634,RANBP1
11635,PRKD3
11636,HADHB
11637,FCHSD2
11638,RELN
11639,NDUFS1
11640,RHOC
11641,SHH
11642,CPQ
11643,SPON2
11644,CD83
11645,VCL
11646,ITGB3
11647,CACYBP
11648,ISYNA1
11649,PSMC4
11650,HSPA6
11651,SORL1
11652,PSMB6
11653,CYP4B1
11654,ENG
11655,GATA4
11656,DLK1
11657,NAV2
11658,ALDH6A1
11659,PRKAA2
11660,ATP2A1
11661,DPP4
11662,SLC25A30
11663,ABCB6
11664,CES2A
11665,MAFB
11666,SLC25A20
11667,ACADS
11668,SPON1
11669,BMP5
11670,CGREF1
11671,CIT
11672,EPB41L2
11673,EXO1
11674,SLC31A1
11675,SH3KBP1
11676,PNPLA2
11677,ADRB2
11678,MAGI1
11679,DNAJC9
11680,MT1E
11681,RAB30
11682,SELL
11683,DHRS9
11684,AIF1
11685,FGFR4
11686,ITGB2
11687,NUF2
11688,SLC13A5
11689,RPS19
11690,RASD1
11691,RFTN1
11692,TRPM4
11693,COL14A1
11694,EIF1
11695,STS
11696,ERCC4
11697,PDGFRL
11698,TMT1A
11699,NCOR1
11700,CHKA
11701,RBM3
11702,AACS
11703,FCER1G
11704,MT3
11705,MTTP
11706,FAM107B
11707,LBP
11708,MACF1
11709,GLB1
11710,NID2
11711,RPS7
11712,TCF7
11713,ADGRL2
11714,CES3
11715,IFITM3
11716,ST3GAL5
11717,IL24
11718,COX1
11719,DMD
11720,SERPINB1
11721,TOP1
11722,MT1F
11723,TAC1
11724,FUT8
11725,PIK3R3
11726,SLIT3
11727,E2F7
11728,TMEM47
11729,SPRY1
11730,RBP4
11731,MCAM
11732,SDS
11733,HNRNPD
11734,GRIN2B
11735,HSD17B2
11736,ACTG2
11737,BST2
11738,CRYZ
11739,PYGM
11740,TBL1XR1
11741,APH1B
11742,PAFAH1B1
11743,DHCR24
11744,TRPV6
11745,NOS1
11746,IRAK2
11747,ALDOC
11748,UBA7
11749,FZD2
11750,SLC13A3
11751,LTF
11752,SERPINA4
11753,BLVRB
11754,CA12
11755,PRDX6
11756,SCGB1A1
11757,TLE2
11758,MT1X
11759,UBE3A
11760,ATP2B4
11761,CDT1
11762,NPC1
11763,TGFB1I1
11764,FGG
11765,PARP9
11766,PLAAT3
11767,SLCO1B2
11768,SPTAN1
11769,STEAP1
11770,PLTP
11771,AASS
11772,EEF1D
11773,AKR1B8
11774,DYRK3
11775,MLKL
11776,RAPH1
11777,FOXP1
11778,IMPA2
11779,SIPA1L2
11780,UBE2L6
11781,FAM107A
11782,KRT17
11783,SLIT2
11784,ETV5
11785,TEK
11786,CSGALNACT1
11787,SMOC1
11788,AKR1A1
11789,CAVIN1
11790,RBM47
11791,RPL10
11792,IQGAP1
11793,TP63
11794,OLFM1
11795,PIK3CD
11796,HADHA
11797,RPL3
11798,PLA1A
11799,PPARGC1B
11800,P2RX7
11801,CXCL11
11802,PFKM
11803,GATA6
11804,ALDH9A1
11805,FSTL1
11806,CENPK
11807,LAPTM5
11808,RHOBTB1
11809,AMIGO2
11810,MKNK2
11811,RIPK2
11812,CPE
11813,ECI2
11814,ADRB3
11815,ANKRD37
11816,CAVIN2
11817,CRABP2
11818,FANCI
11819,AMPD3
11820,ARF1
11821,RIPK1
11822,FGF21
11823,ANKRD12
11824,KPNB1
11825,EVA1A
11826,ABHD5
11827,MEST
11828,RABGAP1L
11829,TPD52L1
11830,MAOB
11831,PANK1
11832,PLEKHF1
11833,PTGFR
11834,RAD54L
11835,CENPM
11836,GLA
11837,PRPS1
11838,ALDH7A1
11839,FGFR3
11840,E2F3
11841,TIA1
11842,IDS
11843,DLG1
11844,ACP5
11845,C8B
11846,COQ8A
11847,KIF4A
11848,BDH2
11849,MEIS2
11850,PCTP
11851,CORO1A
11852,IL5
11853,MYBBP1A
11854,SLC34A2
11855,KIFC1
11856,AZIN1
11857,CD52
11858,KMT2A
11859,H6PD
11860,ITGB4
11861,MFAP4
11862,ORC1
11863,CAV2
11864,HDAC6
11865,NCOA3
11866,PITPNC1
11867,CSF3
11868,NIFK
11869,PPA2
11870,STOM
11871,ADAM17
11872,COL5A3
11873,DYNC1H1
11874,PRIM1
11875,ACO2
11876,SCD2
11877,TPM2
11878,MAP3K8
11879,PSMB3
11880,SLFN5
11881,IL15
11882,ITGA2
11883,CXCL14
11884,NABP1
11885,ANXA6
11886,HSPA1L
11887,NCAPG
11888,RIGI
11889,CDCA7
11890,HNRNPAB
11891,IVNS1ABP
11892,SACS
11893,UCP1
11894,RAB8B
11895,SELE
11896,BHLHE41
11897,CAMK2D
11898,LAMA3
11899,RNASE4
11900,RRAS
11901,STK17B
11902,CCT3
11903,B3GNT5
11904,KLF13
11905,SFPQ
11906,LAMA5
11907,TNFRSF25
11908,LSP1
11909,SOX17
11910,IRF8
11911,MERTK
11912,PLCB4
11913,FGB
11914,ARHGAP18
11915,CYP1A
11916,DLAT
11917,KRT14
11918,PSMA7
11919,KLF10
11920,PEBP1
11921,FAT1
11922,SRM
11923,IFI6
11924,PTGDS
11925,COMMD3
11926,PPL
11927,LPAR6
11928,BCAR1
11929,COX17
11930,VASN
11931,GLUD1
11932,BBOX1
11933,TAX1BP3
11934,CABLES1
11935,DUSP3
11936,ICAM2
11937,SERPING1
11938,FUBP1
11939,ORM2
11940,QSOX1
11941,FAM162A
11942,FABP2
11943,LTBP1
11944,TLR3
11945,SULT1C2
11946,PSMB1
11947,NDUFB2
11948,RPS24
11949,SLC39A11
11950,APOA2
11951,SLC16A6
11952,AQP7
11953,PLA2G12A
11954,AARS1
11955,CD24
11956,GSTP2
11957,PTPN21
11958,CA2
11959,NUDT7
11960,BRAF
11961,EMP3
11962,DUSP2
11963,TM4SF1
11964,LOXL2
11965,PNPLA3
11966,ANKRD1
11967,H2AZ1
11968,NTN1
11969,PKMYT1
11970,CBR3
11971,HSD17B3
11972,LRAT
11973,ANG
11974,ECHS1
11975,PRDX4
11976,SMARCA2
11977,IQGAP2
11978,ALDH1A3
11979,RIDA
11980,P4HA2
11981,ITIH3
11982,MAP3K14
11983,EML2
11984,ABCC9
11985,ADAMTSL4
11986,PLLP
11987,ATXN1
11988,FGA
11989,GALE
11990,CIITA
11991,DCBLD2
11992,KRT4
11993,ITIH4
11994,ALOX15
11995,PSEN1
11996,SEMA3C
11997,ALDH1B1
11998,TRAP1
11999,NPR3
12000,TNFRSF9
12001,SP3
12002,APOM
12003,PSMB4
12004,PSMB9
12005,KIF1B
12006,OSMR
12007,RAP1GAP
12008,NOP58
12009,PRKCH
12010,CTSK
12011,CCL4
12012,SGK2
12013,NOX1
12014,CARS1
12015,EXOSC2
12016,LAD1
12017,LGMN
12018,CTPS1
12019,PFKFB1
12020,TRAF4
12021,EIF4A2
12022,APLP2
12023,HDAC9
12024,RPL23
12025,SLC7A8
12026,CD69
12027,MMP8
12028,PRDM1
12029,PRKACA
12030,EEF1G
12031,SQOR
12032,C4B
12033,IFIH1
12034,RSRP1
12035,FRZB
12036,PDGFC
12037,GPC6
12038,ERO1A
12039,GREB1
12040,AGXT
12041,CREBRF
12042,ETV4
12043,LIPE
12044,SC5D
12045,OLFML3
12046,TFAM
12047,CSNK2A2
12048,CYP2S1
12049,DYRK2
12050,FUS
12051,SLC39A14
12052,CS
12053,GZMB
12054,LRP8
12055,SMAD6
12056,IQGAP3
12057,NRF1
12058,PDE7B
12059,CTPS2
12060,ITGA4
12061,ANGPT2
12062,SHANK2
12063,ENPEP
12064,HTATIP2
12065,ETFB
12066,SET
12067,EBP
12068,PPRC1
12069,RFC5
12070,LGALS8
12071,TGIF1
12072,CEL
12073,ERCC2
12074,RASA1
12075,SLC6A8
12076,HOPX
12077,PTH1R
12078,PML
12079,DEPTOR
12080,FOLR1
12081,RPS6KA3
12082,EIF3A
12083,SLC5A3
12084,C5
12085,DACT2
12086,UQCRC2
12087,TMEM97
12088,CRKL
12089,NBN
12090,REEP6
12091,TPD52
12092,PMEPA1
12093,CYP2A1
12094,NEAT1
12095,CCL8
12096,CCT2
12097,PKP2
12098,SULF1
12099,NEFL
12100,EPHB6
12101,LACTB
12102,RUNX1T1
12103,TENT5A
12104,EIF4G1
12105,FAM117A
12106,HES6
12107,SETD1B
12108,LCK
12109,EPB41L3
12110,DYSF
12111,AKR1C2
12112,FOXQ1
12113,G2E3
12114,IMPACT
12115,CAR2
12116,CPD
12117,LFNG
12118,FOXO4
12119,FTL
12120,PRXL2A
12121,ISG20
12122,CYP3A7
12123,TSLP
12124,CIDEC
12125,FGF7
12126,SCNN1A
12127,PRR5L
12128,FLNB
12129,ACVR1
12130,ANXA8
12131,PTN
12132,CCT8
12133,RGS5
12134,EPHA2
12135,NFE2L1
12136,RPA3
12137,RAPGEF4
12138,MEGF6
12139,PELO
12140,CBLB
12141,CD80
12142,GPC3
12143,SLC51B
12144,GREM1
12145,AADAT
12146,MCCC2
12147,MPZL2
12148,PALMD
12149,TAP2
12150,CEACAM1
12151,TRP53INP1
12152,SAPCD2
12153,RGS20
12154,CFL1
12155,CHAF1B
12156,CKAP4
12157,CRIP2
12158,PDIA6
12159,RPLP0
12160,EXOC4
12161,SNRPF
12162,ICA1
12163,INHBC
12164,ACOT13
12165,LBR
12166,NSD2
12167,SGO2
12168,TAX1BP1
12169,VAT1
12170,RBPMS
12171,OGT
12172,EHD1
12173,SMPD1
12174,H4C3
12175,MSN
12176,MYADM
12177,AUTS2
12178,EFNB1
12179,ELOVL3
12180,LGALSL
12181,PPBP
12182,PZP
12183,SPTLC2
12184,ALOX5AP
12185,ST6GAL1
12186,COL8A1
12187,FAM13A
12188,ESCO2
12189,TP73
12190,CYP3A5
12191,HOMER1
12192,NRP2
12193,SEMA3E
12194,NQO2
12195,GPD2
12196,COCH
12197,AP3S1
12198,CAPN3
12199,CRIM1
12200,PSMD1
12201,SALL1
12202,VMP1
12203,GFPT2
12204,ACER2
12205,CD3D
12206,CLDN5
12207,TPPP3
12208,UROD
12209,HHIP
12210,MYLIP
12211,CCL11
12212,NID1
12213,IGHM
12214,TUBG1
12215,PFKFB4
12216,PTPRK
12217,GC
12218,IL13RA2
12219,PSMA1
12220,ENPP1
12221,ENDOG
12222,STX3
12223,EPOR
12224,NCAM1
12225,SOS1
12226,ETFDH
12227,CRELD2
12228,HSD17B7
12229,OAS2
12230,RBBP6
12231,F2RL1
12232,CELA1
12233,NECTIN3
12234,PDE4DIP
12235,SERINC3
12236,CD3G
12237,ATG3
12238,GSPT1
12239,DNAJB11
12240,GSDME
12241,PERP
12242,HEPH
12243,MEIS1
12244,RUVBL1
12245,MYB
12246,NCAPG2
12247,PROC
12248,RASGRP3
12249,RPA2
12250,FKBP4
12251,AHRR
12252,TM7SF2
12253,LTBP2
12254,PLCG2
12255,KNSTRN
12256,SLC1A1
12257,GJA4
12258,SLC8A1
12259,ELOVL2
12260,ITGAL
12261,PLXNA2
12262,PSMB5
12263,RPS3
12264,FBP2
12265,SLC4A4
12266,TCEA3
12267,ATOX1
12268,KIF14
12269,SPRR1A
12270,TSPAN8
12271,AGO2
12272,SRSF7
12273,TARS1
12274,TGM1
12275,HAVCR1
12276,PRICKLE1
12277,PTMS
12278,SPC24
12279,GNB1
12280,TPP1
12281,JADE1
12282,MAPK11
12283,SEMA6D
12284,ANK3
12285,E2F4
12286,GRB2
12287,NOTCH2
12288,MTHFD1
12289,IKBKG
12290,ADAMTS2
12291,ERCC6L
12292,SLC38A3
12293,PLXDC2
12294,CCL24
12295,RGS10
12296,DGAT1
12297,CRK
12298,SUCLG2
12299,FHIT
12300,CYP4A8
12301,PARP12
12302,SCAPER
12303,ITGB6
12304,NRAS
12305,PNP
12306,FMO2
12307,GOT2
12308,HK1
12309,HNMT
12310,IL6R
12311,SLC12A2
12312,IMPDH2
12313,NUCB2
12314,GTF2IRD1
12315,GATM
12316,MDM1
12317,PPIF
12318,DHRS2
12319,AAMDC
12320,ADHFE1
12321,NR2F6
12322,PIGA
12323,RGL1
12324,FZD5
12325,RRAGC
12326,BCO1
12327,DDIAS
12328,RPL37
12329,BACE1
12330,THYN1
12331,IRAK1
12332,PPP1R3B
12333,SLC25A10
12334,CCL22
12335,SRRM2
12336,TRAF2
12337,HMBS
12338,SIAH2
12339,CES2E
12340,NFATC2
12341,LIPG
12342,PTGER4
12343,RAD54B
12344,RBBP4
12345,FRY
12346,JDP2
12347,STAT4
12348,CELF2
12349,CREG1
12350,PMVK
12351,RNF19B
12352,KCNN2
12353,MPDZ
12354,SUCLG1
12355,NOLC1
12356,LRIG1
12357,NCOA1
12358,RCAN2
12359,TMEM158
12360,RAD18
12361,UBL3
12362,MYCN
12363,MLPH
12364,PARPBP
12365,RASGRP1
12366,CYP2A5
12367,GNPDA1
12368,NOC3L
12369,PLEK
12370,SLC66A3
12371,PLEKHA5
12372,SMPD3
12373,LXN
12374,PSMC2
12375,FXYD3
12376,PTP4A3
12377,DDX3X
12378,COLEC12
12379,DAG1
12380,NME2
12381,NNMT
12382,SLC37A4
12383,SNX10
12384,EFHD2
12385,IFI44L
12386,DSP
12387,CXCL3
12388,EML4
12389,PLA2G7
12390,ANKRD10
12391,EEF1E1
12392,RUVBL2
12393,CDC14B
12394,RRS1
12395,DENND2B
12396,MAP4
12397,MAP4K2
12398,RPS6KA1
12399,HDAC2
12400,MB
12401,LACTB2
12402,MMP11
12403,SLC28A2
12404,RRBP1
12405,C1R
12406,CYP2C19
12407,TNNT2
12408,CPN1
12409,SLC39A10
12410,SRSF5
12411,LIN7A
12412,IRX3
12413,STEAP2
12414,FOXC1
12415,MATN2
12416,PBX1
12417,PPM1B
12418,GLDC
12419,TOB1
12420,ASPA
12421,CD8A
12422,KRT6A
12423,CDH11
12424,COL11A1
12425,HNRNPH1
12426,GDA
12427,TLE3
12428,FGF18
12429,PAMR1
12430,EPHA4
12431,PSMD12
12432,PTMA
12433,CHAT
12434,ACOT9
12435,DDIT4L
12436,MBL2
12437,PKIB
12438,TFDP2
12439,BBS2
12440,DMXL2
12441,STAT5A
12442,TARDBP
12443,SLC27A1
12444,LAMP2
12445,TINF2
12446,SLC9A1
12447,APOA5
12448,BACE2
12449,KANK1
12450,FCGR2B
12451,GPT2
12452,AHSG
12453,CCT6A
12454,JAM2
12455,MR1
12456,NBR1
12457,PIK3IP1
12458,ATP11A
12459,TMTC2
12460,RPS27
12461,TFF3
12462,CSE1L
12463,IFI35
12464,SERPINB8
12465,CTSE
12466,SSB
12467,TIMM10B
12468,FANCC
12469,PAPPA
12470,GATA2
12471,PLS3
12472,SLPI
12473,SMARCA4
12474,KIF21B
12475,TMEM176B
12476,DTL
12477,SLC38A4
12478,PRODH
12479,DDX60
12480,GALNT10
12481,ATP6V0D1
12482,VIPR1
12483,ATP5MC1
12484,PXDN
12485,TKFC
12486,OSBPL7
12487,GRB14
12488,LPCAT1
12489,SERPINI1
12490,GSTZ1
12491,PTK2B
12492,DMGDH
12493,OXCT1
12494,RPA1
12495,ACY1
12496,EIF2AK2
12497,NCOR2
12498,MEG3
12499,MIA2
12500,KCNAB2
12501,PAFAH1B3
12502,PNO1
12503,TSPAN12
12504,FAF1
12505,SF3A2
12506,SPR
12507,LGALS2
12508,BIN1
12509,CH25H
12510,F8
12511,NAV1
12512,SLC46A3
12513,TRIM16
12514,CCN5
12515,CEBPG
12516,LPO
12517,PAX6
12518,PELI1
12519,PFKL
12520,TEF
12521,TET2
12522,LGR5
12523,ALDH3B1
12524,CLK1
12525,NPR2
12526,RRP12
12527,RXRG
12528,TSR1
12529,BMP6
12530,ROCK2
12531,NOCT
12532,DUSP8
12533,HNRNPA3
12534,TMSB4X
12535,CIRBP
12536,GUSB
12537,MAP1B
12538,MITF
12539,SCARA5
12540,SSR3
12541,FIGN
12542,LRRN3
12543,EHD4
12544,TOMM20
12545,CYP27B1
12546,THOC2
12547,UMPS
12548,VGLL4
12549,OPA1
12550,ATP6V1A
12551,CHAF1A
12552,COX5B
12553,TM6SF1
12554,LRG1
12555,POLG2
12556,C9
12557,ACSM3
12558,MTSS1
12559,HPX
12560,CYGB
12561,FBLN2
12562,NCEH1
12563,AKR1D1
12564,CCR7
12565,STK39
12566,TJP2
12567,BMPER
12568,AKAP9
12569,UGT1A7
12570,PTPRS
12571,ERBB4
12572,IL23A
12573,ANO1
12574,CPNE8
12575,SLC25A47
12576,ALDH1L2
12577,BOK
12578,CALB2
12579,PRMT1
12580,SMC1A
12581,CAMTA1
12582,HNF1A
12583,ST3GAL1
12584,APOD
12585,ILK
12586,PCSK6
12587,NARS1
12588,SERPINC1
12589,ABHD1
12590,TNIP1
12591,GRK5
12592,AKR1B7
12593,DNAJA4
12594,ELF1
12595,REV1
12596,CD40LG
12597,DYNLL1
12598,MYH11
12599,NPAS2
12600,P2RY2
12601,RPL10A
12602,SRSF2
12603,VEGFB
12604,C1QA
12605,FARSB
12606,LTBP4
12607,ST8SIA4
12608,LAMA2
12609,REEP3
12610,ERP27
12611,ACP3
12612,RHBDF1
12613,HPSE
12614,PDK2
12615,RETSAT
12616,FEZ2
12617,RAB3D
12618,DLG4
12619,SKI
12620,FANCG
12621,KANK4
12622,TCP1
12623,CARHSP1
12624,PPP1R16B
12625,AXIN1
12626,MLEC
12627,NCK2
12628,SCAMP5
12629,UBE2S
12630,EEF2K
12631,NPC2
12632,S1PR3
12633,SLC19A1
12634,CD4
12635,CYFIP2
12636,FANCA
12637,PF4
12638,SERPINB9
12639,LPGAT1
12640,MFN1
12641,NR5A2
12642,PROX1
12643,FAM20C
12644,LDHD
12645,CYP2C55
12646,BCOR
12647,GART
12648,CDCP1
12649,IFRD2
12650,MYCL
12651,SERPINB1A
12652,CAPRIN1
12653,BRD2
12654,GRAMD2B
12655,PSME1
12656,TOP2B
12657,ACOT7
12658,CDKN2D
12659,CRY2
12660,TST
12661,CHST15
12662,RANGAP1
12663,SLC4A7
12664,MAPK6
12665,PILRA
12666,CLEC2D
12667,MBD1
12668,ACSS1
12669,FZD4
12670,LMNB2
12671,SLC7A7
12672,DECR2
12673,TLR5
12674,OASL
12675,PTPN1
12676,BCL10
12677,NEFH
12678,TENT5B
12679,CLOCK
12680,PSMA4
12681,CCDC86
12682,MECOM
12683,UCK2
12684,NECTIN2
12685,TXN2
12686,CYP2A4
12687,OXTR
12688,RHBDF2
12689,GALNT14
12690,TBXAS1
12691,COL7A1
12692,DKC1
12693,PPP2CA
12694,PRKAB2
12695,GPHN
12696,VAMP8
12697,PIM2
12698,TNFRSF14
12699,EGLN1
12700,PA2G4
12701,PARP14
12702,HEBP2
12703,SDF2L1
12704,SLC22A4
12705,SIGMAR1
12706,CYP2C12
12707,RORC
12708,LHFPL6
12709,ARHGAP11A
12710,DCK
12711,FKBP11
12712,ELK4
12713,ERO1B
12714,GAL
12715,LAP3
12716,MND1
12717,DOCK4
12718,AGER
12719,AOX3
12720,SLC17A2
12721,HNRNPK
12722,ACOT3
12723,EPB41L5
12724,PLAA
12725,RNF13
12726,ACTG1
12727,SLC26A2
12728,ATP6V1B2
12729,CNTN1
12730,MYL1
12731,MYO6
12732,ERP29
12733,ANKRD11
12734,TTC3
12735,RARRES1
12736,SETD7
12737,VASP
12738,TIFA
12739,HOXA5
12740,LYST
12741,PRKAR2B
12742,INPP5D
12743,PDE4D
12744,RACK1
12745,ADORA2A
12746,PDZD2
12747,RBBP8
12748,RPS3A
12749,SON
12750,HYAL1
12751,PIDD1
12752,TNS3
12753,ATP7A
12754,SMYD3
12755,KLF15
12756,RDX
12757,MIR27A
12758,NFYA
12759,OSBPL1A
12760,PRKAB1
12761,RHOQ
12762,SHB
12763,ELN
12764,MAPRE1
12765,PCCA
12766,RAD51B
12767,PRSS8
12768,SCN5A
12769,FAM111A
12770,KLHL21
12771,UBE2D3
12772,FZD7
12773,NOD1
12774,RAP1GAP2
12775,RNF43
12776,S100A13
12777,FUCA1
12778,RBMS1
12779,S100A1
12780,CALCA
12781,VOPP1
12782,NUP210
12783,PRKCQ
12784,PSIP1
12785,ITGB8
12786,MAD1L1
12787,OAS1
12788,GPM6A
12789,GALNT7
12790,IFITM2
12791,EIF4EBP2
12792,LOXL1
12793,SLC1A4
12794,TMCC3
12795,CSPG4
12796,ENAH
12797,MN1
12798,NDUFA4
12799,RPL13
12800,PPFIBP1
12801,TYROBP
12802,CXCR2
12803,APBB2
12804,DPT
12805,MBNL3
12806,MTCH2
12807,QPCT
12808,RAB32
12809,RAMP2
12810,SNRNP70
12811,BASP1
12812,ABHD14B
12813,RAI14
12814,CYP2C40
12815,CKMT2
12816,KHDRBS3
12817,LDB3
12818,OGA
12819,MAL
12820,PLAGL1
12821,RARG
12822,CLGN
12823,MAPK7
12824,SP100
12825,AKR1C14
12826,F13A1
12827,CYB5B
12828,DPYSL3
12829,HEY1
12830,DEGS1
12831,DMXL1
12832,VCPIP1
12833,SEC62
12834,AIFM2
12835,POLD1
12836,AK2
12837,ATP1A3
12838,CPM
12839,LYAR
12840,NUCKS1
12841,RNASEH2A
12842,FDXR
12843,ADORA1
12844,CSNK2A1
12845,HMOX2
12846,TCTN1
12847,PDLIM7
12848,PLCG1
12849,TXNDC16
12850,CAB39
12851,SCP2
12852,EI24
12853,ENPP3
12854,NUDT4
12855,DDR1
12856,RPS15A
12857,SLC10A2
12858,PLP2
12859,FSTL3
12860,TMEFF2
12861,UPP2
12862,FBLN5
12863,PGM1
12864,CYP24A1
12865,SERPINA1
12866,FAH
12867,LRRK2
12868,MED1
12869,EIF4A1
12870,SCARB2
12871,ABLIM3
12872,PDIA5
12873,PIP5K1B
12874,ACBD5
12875,ATP1B2
12876,LPAR1
12877,PHB1
12878,RHOU
12879,SLCO4A1
12880,FOXP3
12881,SULT1C1
12882,OGN
12883,CYP2C
12884,CCDC92
12885,MCM8
12886,TCF21
12887,TRAFD1
12888,GZMA
12889,NEBL
12890,TENM3
12891,TPMT
12892,ABAT
12893,MVK
12894,GRPEL1
12895,OTC
12896,SLC6A12
12897,NUAK1
12898,SLC39A6
12899,CPEB3
12900,CTSF
12901,VGF
12902,CYFIP1
12903,CCN4
12904,COBL
12905,USP10
12906,PTPN6
12907,CYP2C37
12908,AP1S1
12909,MYO5A
12910,C8G
12911,PCSK5
12912,GASK1B
12913,PREX1
12914,SYNE2
12915,MUC5AC
12916,MBNL2
12917,LIMK1
12918,MSI2
12919,NSDHL
12920,PSMC3IP
12921,RNF213
12922,SKAP2
12923,EHF
12924,EFHD1
12925,IRF6
12926,KCNJ2
12927,P2RX4
12928,NKTR
12929,PSMC5
12930,GAS7
12931,BCKDHA
12932,DNAJB2
12933,EIF4G2
12934,F7
12935,GDNF
12936,IER5L
12937,SIPA1L1
12938,ADGRV1
12939,INPP4B
12940,CLDN11
12941,DLL1
12942,PPP1R10
12943,ADAM19
12944,ALDH1A2
12945,IREB2
12946,PLCE1
12947,POLE
12948,SEC61A1
12949,SPDL1
12950,CDC27
12951,HMBOX1
12952,SRPK2
12953,ABHD6
12954,RERE
12955,SLC2A6
12956,SLC47A1
12957,REPS1
12958,SKIC8
12959,CLEC11A
12960,PCLO
12961,TUSC3
12962,DLL4
12963,MFAP2
12964,CACNA1C
12965,CEMIP
12966,UTRN
12967,ADAMTS4
12968,ALOX12
12969,COBLL1
12970,EPS8L2
12971,GALNT3
12972,NPDC1
12973,PIMREG
12974,SMPDL3A
12975,MEF2A
12976,COL2A1
12977,HBP1
12978,HNRNPU
12979,KAT2B
12980,SYT8
12981,LIPA
12982,TSHZ1
12983,CCR1
12984,ACOT4
12985,CCN3
12986,GIPC2
12987,MIS18BP1
12988,SAA3
12989,SERPIND1
12990,SLK
12991,UGT1A10
12992,KHK
12993,PAK2
12994,PRSS12
12995,FKBP14
12996,PRG4
12997,CAMK2N1
12998,FLNC
12999,GFRA2
13000,RPS6KA5
13001,SH3BP5
13002,PSMB10
13003,DIAPH3
13004,PELI2
13005,TP53BP2
13006,TBC1D4
13007,ACADSB
13008,NCOA4
13009,PRKAR1B
13010,STARD13
13011,ATP1A2
13012,FNBP4
13013,LONRF3
13014,PPP2R2A
13015,TLE1
13016,C1QBP
13017,ANGPTL2
13018,CBX4
13019,MYL6
13020,ADK
13021,SDHB
13022,CACNA1D
13023,PARD3
13024,TTPA
13025,HSPG2
13026,CXCL6
13027,CLCA1
13028,CMBL
13029,DPYS
13030,PAK1
13031,L1CAM
13032,TANK
13033,FIGNL1
13034,GMFB
13035,PCYT2
13036,CAST
13037,CCL9
13038,CSF3R
13039,RFC2
13040,ACSS3
13041,GARS1
13042,OBP3
13043,LAMA1
13044,NNT
13045,SNRPE
13046,SRPX2
13047,PRDM16
13048,LRRC8D
13049,OSR2
13050,P2RY6
13051,ALDH18A1
13052,CACNA1G
13053,SH3BGRL3
13054,ATP5PO
13055,GYS1
13056,MDM4
13057,EMG1
13058,PKDCC
13059,PPP1R2
13060,GPX7
13061,CTHRC1
13062,SEMA7A
13063,GARNL3
13064,NAT1
13065,BAMBI
13066,GCA
13067,HEXB
13068,IVD
13069,KLKB1
13070,MPZL1
13071,PCOLCE
13072,PHYH
13073,POU2F2
13074,PPP1R13L
13075,SETD5
13076,SLC23A2
13077,SLC25A13
13078,TNNC1
13079,MRPL50
13080,CXADR
13081,LAMB2
13082,H1-2
13083,RCC2
13084,CACNA2D1
13085,FBN2
13086,SLC25A25
13087,BCL6B
13088,PTPRM
13089,TPR
13090,LRR1
13091,CCNT1
13092,CHD7
13093,FLRT3
13094,LGR4
13095,RETREG1
13096,SAMD9
13097,GDF10
13098,AGTR1
13099,SPRY4
13100,MAGED2
13101,AKAP1
13102,KIF18A
13103,CAVIN3
13104,CDK2AP2
13105,DNER
13106,FLOT1
13107,IL2RB
13108,UBB
13109,MMUT
13110,NCOA2
13111,DSN1
13112,HDAC3
13113,MT1G
13114,SLC38A1
13115,HSD17B8
13116,TNK2
13117,RPS6KA2
13118,ADCY7
13119,DHRS4
13120,MTR
13121,BORA
13122,DLG2
13123,SELP
13124,HMGN2
13125,LRP4
13126,NCF4
13127,SEMA3A
13128,SLCO3A1
13129,DAPL1
13130,FMO4
13131,APOH
13132,CAPZB
13133,COX7C
13134,KMT2C
13135,MAP2K7
13136,S100A14
13137,SPRY2
13138,TOPBP1
13139,ABCC8
13140,USP7
13141,CSNK1E
13142,OIP5
13143,CYLD
13144,SKA1
13145,TRIM59
13146,ADH7
13147,IGF2BP3
13148,ABL2
13149,BARD1
13150,B4GALT1
13151,MMD2
13152,PFN1
13153,PLIN3
13154,SERPINF2
13155,ROBO1
13156,NR3C2
13157,CDH5
13158,TMTC1
13159,AMPD2
13160,SDAD1
13161,AZGP1
13162,EHD2
13163,EPHB3
13164,KAT6B
13165,PLEKHO1
13166,SELENOI
13167,SEMA3F
13168,CLEC7A
13169,NAA15
13170,S100G
13171,SLC22A8
13172,BTF3
13173,KNL1
13174,PTGER2
13175,PXMP2
13176,AMD1
13177,CAMK2G
13178,CDK5R1
13179,SUSD2
13180,ILF3
13181,PGS1
13182,DCT
13183,HIBCH
13184,SAMHD1
13185,SDCBP
13186,CSTA
13187,HDGF
13188,TBX21
13189,POLD4
13190,CSAD
13191,PDE2A
13192,MFSD2A
13193,MS4A1
13194,JMJD1C
13195,RASSF4
13196,RTP4
13197,SEC24D
13198,SEC31A
13199,JAG2
13200,RASA3
13201,SNRPA
13202,UGT2B7
13203,PI4K2B
13204,GLRX3
13205,TAPBP
13206,HNRNPC
13207,PON3
13208,CELSR1
13209,MYEF2
13210,TIMM17A
13211,ACAA1
13212,F10
13213,MYO1D
13214,PCCB
13215,PLAC8
13216,CPXM1
13217,NPY
13218,SLC16A2
13219,AADAC
13220,HECTD1
13221,IRAG2
13222,RFC1
13223,GEMIN2
13224,MMP15
13225,SERPINB5
13226,COX4I1
13227,ABI1
13228,DLGAP4
13229,CABYR
13230,GPR35
13231,MASP1
13232,PYGB
13233,CRAT
13234,FCHO2
13235,CLTC
13236,PPM1K
13237,FBXL20
13238,CARD10
13239,PLEKHB1
13240,IFI30
13241,RBM17
13242,CCR6
13243,CHPT1
13244,FXYD5
13245,HIVEP1
13246,GRPEL2
13247,CAMKK2
13248,ITGA8
13249,ACIN1
13250,NLE1
13251,NRCAM
13252,PDCD5
13253,RYBP
13254,SERP1
13255,DFFB
13256,SPAG9
13257,EIF3J
13258,TSPAN13
13259,FLCN
13260,ITPR2
13261,CCL17
13262,KCNQ1
13263,TIPIN
13264,AGTPBP1
13265,DENND3
13266,LPP
13267,PEPD
13268,SLC25A37
13269,TMED3
13270,ANP32E
13271,DDAH2
13272,GINS3
13273,NDUFS8
13274,OSBPL3
13275,CDC42BPA
13276,CHD1
13277,PCX
13278,GPM6B
13279,GRHL1
13280,SYVN1
13281,TCF3
13282,TMEM45B
13283,DIO3
13284,TFAP2C
13285,TPCN1
13286,CSNK1G3
13287,HS6ST1
13288,DEK
13289,LUZP1
13290,NDRG4
13291,ADGRE5
13292,NIN
13293,TTC39C
13294,NPPA
13295,ESRRG
13296,NFATC3
13297,SLC22A3
13298,PSTPIP1
13299,SMAD4
13300,ATP11C
13301,CES1D
13302,CHTF18
13303,EVI2A
13304,GCAT
13305,BPGM
13306,NUMB
13307,TCP11L2
13308,ALDH1L1
13309,DAXX
13310,ESRRA
13311,KCNN4
13312,PCYOX1
13313,SND1
13314,DPYSL2
13315,GRIA3
13316,PYGL
13317,PDE8A
13318,CFP
13319,JPT1
13320,RAPGEF2
13321,ALPK2
13322,BCL2L2
13323,ATP6V0E2
13324,PRRC2C
13325,RALGDS
13326,TSPAN4
13327,KALRN
13328,PAPSS1
13329,SMOC2
13330,GRIA1
13331,KCNK5
13332,CUX1
13333,APCDD1
13334,CD2AP
13335,PDE5A
13336,SETMAR
13337,CLIC4
13338,CLYBL
13339,FAM114A1
13340,GCNT1
13341,MT1M
13342,NPNT
13343,APRT
13344,DHX58
13345,IKBKE
13346,PPT1
13347,DVL1
13348,MIR210
13349,SH3BGRL2
13350,HDAC7
13351,MTHFR
13352,PFAS
13353,TIGAR
13354,ALG14
13355,CD151
13356,CORIN
13357,CYP2R1
13358,DAO
13359,KMO
13360,MYOM1
13361,PACSIN1
13362,RBPJ
13363,SOX18
13364,TUBA8
13365,KDM3A
13366,NKD2
13367,LAMP1
13368,MARVELD3
13369,SLC49A4
13370,CBX7
13371,IL17RB
13372,KLF7
13373,GNAI3
13374,CCDC120
13375,PPP2R2B
13376,FAHD1
13377,DNAJA3
13378,PYROXD2
13379,CA3
13380,MARCKSL1
13381,NCOA7
13382,VIL1
13383,PDZK1
13384,KRT1
13385,PLP1
13386,SLC22A23
13387,ATP1B3
13388,TNIK
13389,FXR1
13390,NDUFS3
13391,S100B
13392,UTP20
13393,AHCYL1
13394,BCL2L13
13395,CENPJ
13396,DEDD2
13397,FXYD1
13398,NLN
13399,POLR1B
13400,PRKD2
13401,SLC44A4
13402,SPATS2L
13403,TSPAN5
13404,HJURP
13405,RHOBTB3
13406,CD163
13407,FAM234B
13408,FTL1
13409,PDZRN3
13410,CCR5
13411,TNNI3
13412,USP6NL
13413,LHX6
13414,HMGN1
13415,ELOVL5
13416,SCUBE2
13417,AGL
13418,ATOH8
13419,GPX8
13420,HMCN1
13421,NELL2
13422,PDLIM3
13423,PLD3
13424,PSMD14
13425,TCF12
13426,FAM171A1
13427,SEMA4D
13428,STAU2
13429,CLIC1
13430,CD48
13431,HNRNPDL
13432,VEGFD
13433,KCNJ8
13434,PRKX
13435,MCCC1
13436,CX3CR1
13437,GPSM2
13438,SYCP3
13439,CBARP
13440,IDH3A
13441,MYH6
13442,TBX3
13443,ECHDC1
13444,MAFK
13445,RAPGEF5
13446,MALL
13447,ASPG
13448,BMP2K
13449,NEDD4
13450,STARD4
13451,COL4A5
13452,HERC5
13453,HLCS
13454,SLC12A8
13455,SMCHD1
13456,MAMDC2
13457,UBE2B
13458,ARHGAP22
13459,C2CD2
13460,HMGN3
13461,SLC43A1
13462,SLC46A1
13463,PNISR
13464,PPAT
13465,GALM
13466,MARS1
13467,COMTD1
13468,IPO4
13469,GULP1
13470,DBT
13471,SSR1
13472,SYNM
13473,HIC2
13474,NUP58
13475,PDXK
13476,PCBP3
13477,BCL2L12
13478,POU2F1
13479,CCNL1
13480,FGF13
13481,HOGA1
13482,SIRT3
13483,H2BC21
13484,PHIP
13485,DDX5
13486,FNBP1L
13487,HERC6
13488,NME4
13489,PRODH2
13490,ABCA3
13491,PIAS1
13492,STAG2
13493,EMP2
13494,EXT1
13495,PTPN13
13496,SPRED2
13497,SHBG
13498,DUSP16
13499,GRK3
13500,FLRT2
13501,CD53
13502,GNE
13503,SERINC2
13504,VAMP2
13505,ST3GAL6
13506,GFPT1
13507,GSK3A
13508,PEG10
13509,DNAJB6
13510,FERMT2
13511,CPEB4
13512,TMEM106A
13513,TSPYL2
13514,BDKRB2
13515,PGAM1
13516,ADIPOR2
13517,HSD3B2
13518,PPP1R9A
13519,ENDOD1
13520,LTBR
13521,A
13522,A4GALT
13523,AAAS
13524,ABCA10
13525,ABCA12
13526,ABCA13
13527,ABCA4
13528,ABCA5
13529,ABCA6
13530,ABCA8
13531,ABCA9
13532,ABCB10
13533,ABCB5
13534,ABCB8
13535,ABCC10
13536,ABCC13
13537,ABCD2
13538,ABCD4
13539,ABCE1
13540,ABO
13541,ABR
13542,ABT1
13543,ABTB3
13544,ACAD8
13545,ACER3
13546,ACOXL
13547,ACRBP
13548,ACSM1
13549,ACTN4
13550,ACVR1B
13551,ADAM10
13552,ADAM26A
13553,ADAM28
13554,ADAM33
13555,ADAM9
13556,ADAMTS13
13557,ADAMTS17
13558,ADAMTS20
13559,ADAMTS7
13560,ADAMTS8
13561,ADAR
13562,ADARB1
13563,ADCY1
13564,ADCY5
13565,ADCYAP1
13566,ADD1
13567,ADGRD2
13568,ADGRG7
13569,ADH1B
13570,ADH1C
13571,ADI1
13572,ADRA1A
13573,ADRA2B
13574,ADRB1
13575,AFAP1L2
13576,AGO1
13577,AGTR2
13578,AHCYL2
13579,AICDA
13580,AIP
13581,AIRE
13582,AJUBA
13583,AK1
13584,AKAP13
13585,ALK
13586,ALKBH5
13587,ALKBH8
13588,ALOX12B
13589,ALOXE3
13590,ALX4
13591,AMBP
13592,AMELY
13593,AMER1
13594,AMFR
13595,AMOT
13596,AMOTL1
13597,AMZ2P1
13598,ANGPTL6
13599,ANKFY1
13600,ANKRD18A
13601,ANKRD20A2P
13602,ANKRD34A
13603,ANTXR2
13604,ANXA10
13605,ANXA2R
13606,ANXA7
13607,AOC4P
13608,AOPEP
13609,AP5M1
13610,APC2
13611,APLN
13612,APOBEC3A
13613,APOBEC3B
13614,APOC2
13615,APOF
13616,APPA
13617,APPL2
13618,AQP4
13619,ARAF
13620,ARFGAP2
13621,ARHGAP23
13622,ARHGAP26
13623,ARHGAP29
13624,ARHGAP30
13625,ARHGAP35
13626,ARHGAP45
13627,ARHGAP5
13628,ARHGAP6
13629,ARHGDIA
13630,ARHGEF39
13631,ARHGEF5
13632,ARID1A
13633,ARID1B
13634,ARID2
13635,ARID3A
13636,ARID4A
13637,ARID4B
13638,ARID5B
13639,ARL11
13640,ARL2
13641,ARL5B
13642,ARL6IP1
13643,ARL6IP5
13644,ARNT
13645,ARRDC3
13646,ARTN
13647,AS3MT
13648,ASAP1
13649,ASB15
13650,ASCC1
13651,ASCL1
13652,ASCL2
13653,ASF1A
13654,ASF1B
13655,ASH1L
13656,ASIP
13657,ASMTL
13658,ASMTL-AS1
13659,ASNS
13660,ASPSCR1
13661,ASXL1
13662,ASXL2
13663,ASXL3
13664,ASZ1
13665,ATAD3A
13666,ATAD5
13667,ATAT1
13668,ATF1
13669,ATF7IP
13670,ATG10
13671,ATG101
13672,ATG2B
13673,ATOH1
13674,ATP2A3
13675,ATP2B3
13676,ATP5F1D
13677,ATP5PD
13678,ATP6AP1
13679,ATP6AP1L
13680,ATP6V0D2
13681,BCL7C
13682,BCL9
13683,BCLAF1
13684,BCO2
13685,BCORL1
13686,BCR
13687,BEGAIN
13688,BEND4
13689,BIRC6
13690,BIRC7
13691,BLA-DQB
13692,BLOC1S3
13693,BLTP3A
13694,BMP15
13695,BMPR1A
13696,BMPR1B
13697,BMPR2
13698,BNC2
13699,BOC
13700,BOLA-DRA
13701,BOLA-DRB3
13702,BOLL
13703,BOP1
13704,ATRX
13705,AVEN
13706,AVP
13707,B3GAT1
13708,B4GALT4
13709,B4GAT1
13710,B9D1
13711,BAALC
13712,BABAM1
13713,BACH2
13714,BAG1
13715,BAP1
13716,BARX1
13717,BATF2
13718,BAZ2A
13719,BBOF1
13720,BCAR4
13721,BCAS1
13722,BCAS2
13723,BCAT2
13724,BCL11A
13725,BCL11B
13726,BPTF
13727,BRD1
13728,BRD3
13729,BRD4
13730,BRD9
13731,BRF1
13732,BRIP1
13733,BRMS1
13734,BRPF1
13735,BTN3A2
13736,BZW1
13737,BZW2
13738,C11ORF21
13739,C11ORF68
13740,C14ORF180
13741,C19ORF12
13742,C19ORF33
13743,C2CD3
13744,CA1
13745,CA9
13746,CACNB3
13747,CACUL1
13748,CAD
13749,CALCOCO2
13750,CALHM1
13751,CALML3
13752,CALU
13753,CAP2
13754,CAPNS1
13755,CAPZA1
13756,CAR4
13757,CARD11
13758,CARD18
13759,CARMIL3
13760,CASK
13761,CASP10
13762,CASZ1
13763,CBFB
13764,CBL
13765,CBR2
13766,CBX1
13767,CC2D2A
13768,CCAT1
13769,CCBE1
13770,CCDC134
13771,CCDC26
13772,CCDC6
13773,CCDC63
13774,CCHCR1
13775,CCKAR
13776,CCL14
13777,CCL18
13778,CCL23
13779,CCL27
13780,CCM2
13781,CCN2A
13782,CCNB3
13783,CCNDBP1
13784,CCNH
13785,CCR4
13786,CCT5
13787,CCT6B
13788,CCT7
13789,CD109
13790,CD163L1
13791,CD226
13792,CD276
13793,CD28
13794,CD33
13795,CD34
13796,CD3E
13797,CD46
13798,CD5
13799,CD58
13800,CD5L
13801,CD79A
13802,CD79B
13803,CD82
13804,CD99
13805,CDC73
13806,CDH12
13807,CDH15
13808,CDH22
13809,CDH7
13810,CDK12
13811,CDK14
13812,CDK9
13813,CDKL2
13814,CDKN2B-AS1
13815,CDON
13816,CDS1
13817,CDX2
13818,CDYL
13819,CEACAM20
13820,CEBPA-DT
13821,CEBPE
13822,CELSR3
13823,CENPW
13824,CEP131
13825,CERT1
13826,CES1
13827,CES1F
13828,CETP
13829,CFAP45
13830,CGA
13831,CGB5
13832,CHD3
13833,CHD4
13834,CHD5
13835,CHD6
13836,CHFR
13837,CHGA
13838,CHIC2
13839,CHMP4C
13840,CHMP5
13841,CHN2
13842,CHRNA2
13843,CHRNA3
13844,CHRNA5
13845,CHRNA7
13846,CHRNA9
13847,CHRNB4
13848,CHST14
13849,CIC
13850,CIMAP1B
13851,CIZ1
13852,CKAP2L
13853,CLCA2
13854,CLCN2
13855,CLCN3
13856,CLCN5
13857,CLDN10
13858,CLDN15
13859,CLDN8
13860,CLDN9
13861,CLEC1B
13862,CLEC4G
13863,CLEC4M
13864,CLN3
13865,CLNS1A
13866,CLPTM1
13867,CLPTM1L
13868,CLSTN2
13869,CLTB
13870,CLTRN
13871,CLUL1
13872,CMC2
13873,CMKLR1
13874,CMTR2
13875,CNDP1
13876,CNN2
13877,CNN3
13878,CNNM1
13879,CNOT3
13880,CNPPD1
13881,CNPY2
13882,CNR1
13883,CNR2
13884,CNTN6
13885,CNTNAP2
13886,CNTNAP4
13887,CNTROB
13888,COG4
13889,COL15A1
13890,COL22A1
13891,COL23A1
13892,COL4A6
13893,CRHBP
13894,CRHR1
13895,CRLF2
13896,CRTC1
13897,CRYBG1
13898,CSMD1
13899,CSMD3
13900,CSN2
13901,CSN3
13902,CSNK1A1
13903,CSNK2B
13904,CSRP1
13905,CSRP3
13906,CST1
13907,CST6
13908,CST7
13909,CTBP1
13910,CTBP2
13911,CTC1
13912,CTCF
13913,CTLA4
13914,CTNNA2
13915,CTNND2
13916,CTSLP8
13917,CTSZ
13918,CTU1
13919,CTU2
13920,CUBN
13921,CUL3
13922,CUL5
13923,CUL7
13924,CWH43
13925,CXCL13
13926,CYP11B2
13927,CYP2A13
13928,CYP2C18
13929,CYP2C8
13930,CYP2D22
13931,CYP2D6
13932,CYP2F2
13933,CYP39A1
13934,CYP3A16
13935,CYP3A43
13936,CYP4A11
13937,CYSLTR2
13938,DAB2IP
13939,DACT1
13940,DACT3
13941,DAP3
13942,DAPK2
13943,DAZL
13944,DBH
13945,DCAF4L2
13946,DCAF6
13947,DCAF7
13948,DCBLD1
13949,DCC
13950,DCD
13951,DDB1
13952,DDR2
13953,DDX41
13954,DDX51
13955,DDX54
13956,DEFA24
13957,DEFA3
13958,DEFA5
13959,DEFAL1
13960,DEFB1
13961,DENND4B
13962,DEPDC5
13963,DEPP1
13964,DESI2
13965,DEUP1
13966,DGCR8
13967,DHDH
13968,DHODH
13969,DHX15
13970,DHX30
13971,DICER1
13972,DIDO1
13973,DIO3OS
13974,DIP2C
13975,DIPK2B
13976,DIRAS3
13977,DIS3L2
13978,DISP1
13979,DLEU2
13980,DLL3
13981,DLX4
13982,DMRT1
13983,DNAI7
13984,DNAJC1
13985,DNAJC10
13986,DNAJC15
13987,DNAJC6
13988,DNASE1L2
13989,DNASE1L3
13990,DNHD1
13991,DNM3
13992,DOCK2
13993,DOCK8
13994,DOK1
13995,DOK2
13996,DOK3
13997,DONSON
13998,DOT1L
13999,DPAGT1
14000,DPP
14001,DPP10
14002,DPPA3
14003,DRAP1
14004,DRD2
14005,DROSHA
14006,DSC1
14007,DSC3
14008,DSPP
14009,DTX1
14010,DTX2
14011,DTX3
14012,DTX4
14013,DUBR
14014,DUX4
14015,DUX4L5
14016,DUXAP10
14017,DUXAP9
14018,DYNC2H1
14019,DYRK1A
14020,DYRK1B
14021,E2F5
14022,E2F6
14023,E4F1
14024,EAF2
14025,EBF1
14026,EBI3
14027,EDA
14028,EED
14029,EEF1B2
14030,EFEMP2
14031,EFL1
14032,EHBP1
14033,EHD3
14034,EHMT1
14035,EHMT2
14036,EID1
14037,EIF1AD
14038,EIF1AX
14039,EIF2B1
14040,EIF2B4
14041,EIF2B5
14042,EIF3E
14043,EIF3H
14044,EIF3I
14045,EIF6
14046,ELAC2
14047,ELAVL2
14048,ELAVL3
14049,ELK3
14050,ERBIN
14051,ERCC3
14052,ERCC5
14053,ERCC6
14054,ERF
14055,ERG
14056,ERGIC3
14057,ERP44
14058,ETAA1
14059,ETV1
14060,ETV3
14061,ETV6
14062,EVL
14063,EWSR1
14064,EXOSC5
14065,EXT2
14066,EYA4
14067,F12
14068,F9
14069,FAAH2
14070,FAF2
14071,FAM111B
14072,FAM134B
14073,FAM168A
14074,FAM180A
14075,FAM65C
14076,FAM66C
14077,FAM72B
14078,FAM83A
14079,FAM83D
14080,FARP2
14081,FAT2
14082,FAT3
14083,FAT4
14084,FATE1
14085,FBL
14086,FBRSL1
14087,FBXL18
14088,FBXO44
14089,FBXW7
14090,FBXW8
14091,FCGBP
14092,FCN2
14093,FCN3
14094,FGD2
14095,FGD5
14096,FGD6
14097,FGF10
14098,FGF16
14099,FGF19
14100,FGF3
14101,FGF4
14102,FGF9
14103,FH
14104,FHIP2A
14105,FHL3
14106,FILIP1
14107,FJX1
14108,FKBP2
14109,FKBPL
14110,FLACC1
14111,FLI1
14112,FLT3
14113,FLT4
14114,FLVCR1
14115,FMN2
14116,FMO3
14117,FOLH1
14118,FOXA3
14119,FOXD4L3
14120,FOXD4L5
14121,FOXE1
14122,FOXF1
14123,FOXL2
14124,FOXP2
14125,FOXP4
14126,FOXP4-AS1
14127,FOXR2
14128,FPGS
14129,FPGT
14130,FSD1
14131,FSHR
14132,FTCD
14133,FTO
14134,FURIN
14135,FUT7
14136,FXYD6
14137,G3BP1
14138,GAB1
14139,GAB2
14140,GABRA1
14141,GABRD
14142,GADL1
14143,GAGE1
14144,GALNT12
14145,GALNT16
14146,GAR1
14147,GAS2
14148,GAS2L1
14149,GAST
14150,GATA5
14151,GATAD2A
14152,GBA3
14153,GCG
14154,GDF2
14155,GDF3
14156,GDF9
14157,GDI2
14158,GFI1
14159,GFOD3P
14160,GGH
14161,GH
14162,GHRL
14163,GHSR
14164,GIPR
14165,GIT1
14166,GJB5
14167,GKN1
14168,GLI2
14169,GLI3
14170,GLIS2
14171,GLMN
14172,GLO1
14173,GLP1R
14174,GLRA3
14175,GLYCAM1
14176,GMPR2
14177,GNA11
14178,GNA13
14179,GNAO1
14180,GNAQ
14181,GNAS
14182,GNAZ
14183,GNB4
14184,GNB5
14185,GNG11
14186,GNG5
14187,GNG7
14188,GNPNAT1
14189,GNRH1
14190,GNRHR
14191,GOLGA4
14192,GOLM1
14193,GOPC
14194,GP1BB
14195,GPHA2
14196,GPI
14197,GPI1
14198,GPN1
14199,GPR101
14200,GPR135
14201,GPR150
14202,GPR158
14203,GPR161
14204,GPR182
14205,GPR183
14206,GPR27
14207,GPR34
14208,GPR37
14209,GPR55
14210,GPX6
14211,GRB7
14212,GREP1
14213,GRHL2-DT
14214,GRHPR
14215,GRID1
14216,GRIK2
14217,GRIK3
14218,GRIN2A
14219,GRM1
14220,GRM3
14221,GRM4
14222,GRM8
14223,GRP
14224,GRPR
14225,GRWD1
14226,GSKIP
14227,GSTCD
14228,GSTO2
14229,GTF2I
14230,GUCD1
14231,GUCY1A1
14232,GUCY1A2
14233,GUCY2C
14234,GYPA
14235,GYS2
14236,H1-0
14237,H1-4
14238,H19-ICR
14239,H1F10
14240,H2AC16
14241,H2BC12
14242,H2BC14
14243,H2BC4
14244,H2BC8
14245,H3-3A
14246,H3-3B
14247,H3C2
14248,H3F3B
14249,H4C8
14250,HABP2
14251,HACD1
14252,HACE1
14253,HAND2
14254,HAO1
14255,HAPLN1
14256,HAPLN4
14257,HARS1
14258,HAUS6
14259,HAVCR2
14260,HBEGFA
14261,HBEGFB
14262,HBG1
14263,HBG2
14264,HCAR2
14265,HCAR3
14266,HCFC1
14267,HCK
14268,HCP5
14269,HDLBP
14270,HEPACAM
14271,HERC3
14272,HES5
14273,HEY2
14274,HEYL
14275,HGFAC
14276,HHAT
14277,HHEX
14278,HIC1
14279,HIGD2A
14280,HIKESHI
14281,HIPK1
14282,HLA-A
14283,HLA-B
14284,HLA-C
14285,HLA-DOA
14286,HLA-DPB1
14287,HLA-DPB2
14288,HLA-DQA1
14289,HLA-DQB1
14290,HLA-DRB1
14291,HLF
14292,HLTF
14293,HMGB3
14294,HMGN5
14295,HMMR-AS1
14296,HNF1B
14297,HNRNPL
14298,HNRNPR
14299,HOMER3
14300,HOOK3
14301,HOTAIR
14302,HOXA10
14303,HOXA11
14304,HOXA13
14305,HOXA2
14306,HOXA9
14307,HOXB13
14308,HOXB3
14309,HOXB9
14310,HOXD1
14311,HOXD10
14312,HOXD11
14313,HOXD12
14314,HOXD3
14315,HOXD4
14316,HOXD9
14317,HPGDS
14318,HPN
14319,HPV18I1
14320,HPV18I2
14321,HRG
14322,HRH2
14323,HRH4
14324,HS3ST5
14325,HSD17B1
14326,HTR1A
14327,HULC
14328,IARS2
14329,IBSP
14330,ICAM5
14331,ICOS
14332,IDH3B
14333,IDO1
14334,IFNA
14335,IFNA1
14336,IFNA2
14337,IFNA5
14338,IFNB1
14339,IFNL3
14340,IFT172
14341,IFT52
14342,IFT88
14343,IGBP1
14344,IGF2BP1
14345,IGG1C
14346,IGHG1
14347,IGHV3-21
14348,IGSF21
14349,IGSF5
14350,IKZF1
14351,IKZF2
14352,IKZF3
14353,IL11RA
14354,IL12A-AS1
14355,IL16
14356,IL17RC
14357,IL17RD
14358,IL19
14359,IL1RAPL1
14360,IL27
14361,IL2RA
14362,IL2RG
14363,IL3
14364,IL32
14365,IL34
14366,IMMP2L
14367,ING1
14368,ING4
14369,INPP5A
14370,INS-IGF2
14371,INSM1
14372,INSRR
14373,INTS4
14374,IPCEF1
14375,IPO5
14376,IPP
14377,IQCC
14378,IQCH
14379,IQSEC1
14380,IRAK4
14381,IRF2
14382,IRF2BP2
14383,IRF4
14384,IRX4
14385,ISL1
14386,ISX
14387,ITGA7
14388,ITGAX
14389,ITIH1
14390,ITLN1
14391,ITPK1
14392,ITSN1
14393,ITSN2
14394,JADE2
14395,JAK3
14396,JAKMIP2
14397,JAZF1
14398,JMJD6
14399,JPH3
14400,JSRP1
14401,KANSL1
14402,KANSL1-AS1
14403,KAT5
14404,KAT6A
14405,KBTBD11
14406,KCND2
14407,KCNH1
14408,KCNJ12
14409,KCNJ4
14410,KCNJ5
14411,KCNMA1
14412,KDELR1
14413,KDM1A
14414,KDM2A
14415,KDM4A
14416,KDM4B
14417,KDM4C
14418,KDM5B
14419,KDM5C
14420,KDM6A
14421,KDM8
14422,KDSR
14423,KHDC3L
14424,KHDRBS2
14425,KHSRP
14426,KIAA1549
14427,KICS2
14428,KIF18B
14429,KIF21A
14430,KIF3A
14431,KIF5B
14432,KISS1
14433,KISS1R
14434,KITL
14435,KLHDC10
14436,KLHDC7A
14437,KLHDC8B
14438,KLK10
14439,KLK2
14440,KLK5
14441,KLKP1
14442,KLLN
14443,KLRB1
14444,KLRC4
14445,KLRK1
14446,KMT2B
14447,KMT2D
14448,KMT2E
14449,KRIT1
14450,KRT13
14451,KRT16
14452,KRT20
14453,KRT3
14454,KRT32
14455,KRT6
14456,KRT6B
14457,KRT71
14458,KYAT1
14459,L3MBTL2
14460,L3MBTL3
14461,LAMC3
14462,LAMTOR5
14463,LARGE1
14464,LARP4
14465,LARP4B
14466,LAT2
14467,LATS1
14468,LATS2
14469,LBX1
14470,LCE2B
14471,LDAH
14472,LDHAL6B
14473,LECT2
14474,LETM1
14475,LGALS7
14476,LGR6
14477,LHCGR
14478,LIG4
14479,LILRA4
14480,LILRB5
14481,LIMD2
14482,LIN28A
14483,LIN28B
14484,LINC00115
14485,LINC00221
14486,LINC00324
14487,LINC00475
14488,LINC00671
14489,LINC00673
14490,LINC00852
14491,LINC00880
14492,LINC00977
14493,LINC01089
14494,LINC01091
14495,LINC01287
14496,LINC03103
14497,LINC-ROR
14498,LINGO2
14499,LLGL1
14500,LLGL2
14501,LMAN2L
14502,LMNTD1
14503,LMO1
14504,LMO2
14505,LMTK2
14506,LNPEP
14507,LORICRIN
14508,LOXL3
14509,LOXL4
14510,LPA
14511,LPCAT2
14512,LRATD1
14513,LRP1B
14514,LRP2
14515,LRP6
14516,LRRC1
14517,LRRC37A
14518,LRRC37A2
14519,LRRC3B
14520,LRRC46
14521,LRRC59
14522,LSM5
14523,LSR
14524,LTA
14525,LTC4S
14526,LTK
14527,LYL1
14528,LYRM9
14529,LYVE1
14530,LZTR1
14531,LZTS1
14532,M6PR
14533,MACC1
14534,MACIR
14535,MACROD2
14536,MADCAM1
14537,MAGEA1
14538,MAGEA3
14539,MAGEA6
14540,MAGEA9
14541,MAGEC1
14542,MAGEC2
14543,MAGED4
14544,MAGI2
14545,MAGOHB
14546,MALT1
14547,MAML3
14548,MAN2C1
14549,MANEA
14550,MAP2K5
14551,MAP3K3
14552,MAP3K4
14553,MAP3K7
14554,MAP3K9
14555,MAPK15
14556,MAPK8IP3
14557,MAPRE3
14558,MARCHF8
14559,MARCO
14560,MARK1
14561,MARK2
14562,MARVELD1
14563,MATN4
14564,MAX
14565,MBD2
14566,MBD3L2
14567,MBD4
14568,MBNL1
14569,MBTPS1
14570,MBTPS2
14571,MC1R
14572,MC2R
14573,MCC
14574,MDH2
14575,MECP2
14576,MED12
14577,MED28
14578,MEIS1-AS3
14579,MELTF
14580,MEN1
14581,MEOX1
14582,MEP1A
14583,METTL14
14584,METTL3
14585,METTL6
14586,MGA
14587,MGAT5B
14588,MIA
14589,MICA
14590,MIER2
14591,MINPP1
14592,MIR100
14593,MIR101-2
14594,MIR106A
14595,MIR106B
14596,MIR10A
14597,MIR10B
14598,MIR1179
14599,MIR1193
14600,MIR1197
14601,MIR122
14602,MIR1246
14603,MIR1247
14604,MIR125A
14605,MIR126
14606,MIR127
14607,MIR1271
14608,MIR1273C
14609,MIR1275
14610,MIR1281
14611,MIR129-2
14612,MIR130A
14613,MIR130B
14614,MIR132
14615,MIR134
14616,MIR136
14617,MIR141
14618,MIR142
14619,MIR143
14620,MIR144
14621,MIR145
14622,MIR1469
14623,MIR146A
14624,MIR146B
14625,MIR148A
14626,MIR148B
14627,MIR151
14628,MIR152
14629,MIR154
14630,MIR155
14631,MIR15A
14632,MIR15B
14633,MIR16-1
14634,MIR17
14635,MIR181C
14636,MIR181D
14637,MIR183
14638,MIR185
14639,MIR186
14640,MIR18A
14641,MIR18B
14642,MIR190A
14643,MIR191
14644,MIR1915
14645,MIR193A
14646,MIR193B
14647,MIR195
14648,MIR196B
14649,MIR197
14650,MIR199A2
14651,MIR19A
14652,MIR1A-1
14653,MIR200B
14654,MIR200C
14655,MIR203A
14656,MIR205
14657,MIR206
14658,MIR207
14659,MIR20B
14660,MIR211
14661,MIR212
14662,MIR214
14663,MIR215
14664,MIR217
14665,MIR22
14666,MIR221
14667,MIR222
14668,MIR223
14669,MIR224
14670,MIR22HG
14671,MIR23B
14672,MIR24-2
14673,MIR2467
14674,MIR25
14675,MIR26A
14676,MIR26B
14677,MIR290
14678,MIR291A
14679,MIR292
14680,MIR299
14681,MIR29A
14682,MIR29C
14683,MIR300
14684,MIR301A
14685,MIR301B
14686,MIR302B
14687,MIR302D
14688,MIR30A
14689,MIR30B
14690,MIR30C1
14691,MIR30D
14692,MIR30E
14693,MIR31
14694,MIR31HG
14695,MIR32
14696,MIR320A
14697,MIR323
14698,MIR323A
14699,MIR323B
14700,MIR324
14701,MIR328
14702,MIR329-1
14703,MIR331
14704,MIR335
14705,MIR336
14706,MIR337
14707,MIR338
14708,MIR339
14709,MIR33B
14710,MIR340
14711,MIR342
14712,MIR345
14713,MIR346
14714,MIR347
14715,MIR349
14716,MIR34A
14717,MIR34B
14718,MIR34C
14719,MIR350
14720,MIR352
14721,MIR3529
14722,MIR362
14723,MIR3663
14724,MIR369
14725,MIR370
14726,MIR374B
14727,MIR376A
14728,MIR376A1
14729,MIR376A2
14730,MIR376B
14731,MIR376C
14732,MIR377
14733,MIR379
14734,MIR380
14735,MIR381
14736,MIR382
14737,MIR383
14738,MIR409
14739,MIR410
14740,MIR411
14741,MIR412
14742,MIR423
14743,MIR425
14744,MIR429
14745,MIR431
14746,MIR432
14747,MIR4324
14748,MIR433
14749,MIR4435-2HG
14750,MIR455
14751,MIR483
14752,MIR484
14753,MIR485
14754,MIR487A
14755,MIR487B
14756,MIR489
14757,MIR493
14758,MIR494
14759,MIR495
14760,MIR496
14761,MIR497
14762,MIR500
14763,MIR501
14764,MIR503
14765,MIR505
14766,MIR506
14767,MIR511
14768,MIR5112
14769,MIR519C
14770,MIR520B
14771,MIR532
14772,MIR539
14773,MIR543
14774,MIR564
14775,MIR595
14776,MIR598
14777,MIR607
14778,MIR615
14779,MIR625
14780,MIR637
14781,MIR638
14782,MIR652
14783,MIR654
14784,MIR655
14785,MIR656
14786,MIR671
14787,MIR690
14788,MIR708
14789,MIR758
14790,MIR760
14791,MIR769
14792,MIR770
14793,MIR872
14794,MIR873
14795,MIR874
14796,MIR877
14797,MIR885
14798,MIR889
14799,MIR92A1
14800,MIR92B
14801,MIR93
14802,MIR938
14803,MIR940
14804,MIR96
14805,MIR98
14806,MIR99A
14807,MIR99B
14808,MIRLET7B
14809,MIRLET7BHG
14810,MIRLET7C
14811,MIRLET7D
14812,MIRLET7E
14813,MIRLET7I
14814,MKI67IP
14815,MLANA
14816,MLC1
14817,MLF1
14818,MLH3
14819,MLLT1
14820,MLLT10
14821,MLLT11
14822,MLXIPL
14823,MMP1A
14824,MMP21
14825,MMP24
14826,MNX1-AS1
14827,MOB2
14828,MOGAT2
14829,MORF4L1
14830,MORN1
14831,MPEG1
14832,MPL
14833,MPP1
14834,MRC2
14835,MRE11A
14836,MRO
14837,MRPL12
14838,MRPL13
14839,MRPL19
14840,MRPL49
14841,MRPL9
14842,MRPS11
14843,MRPS18B
14844,MRPS22
14845,MRPS23
14846,MRPS28
14847,MRPS5
14848,MRPS7
14849,MSGN1
14850,MSH3
14851,MSH5
14852,MSLN
14853,MSMB
14854,MSR1
14855,MST1
14856,MST1R
14857,MSX1
14858,MTAP
14859,MTARC2
14860,MTBP
14861,MTDH
14862,MTMR14
14863,MTMR4
14864,MTNR1B
14865,MTPAP
14866,MTRR
14867,MUC12
14868,MUC16
14869,MUC2
14870,MUC4
14871,MUC6
14872,MUSK
14873,MUTYH
14874,MXRA5
14875,MYCBP
14876,MYH14
14877,MYH8
14878,MYO18B
14879,MYO5B
14880,MYO7A
14881,MYO9B
14882,MYOD1
14883,NAA10
14884,NAB2
14885,NACC1
14886,NAGK
14887,NAGLU
14888,NANOS1
14889,NAV3
14890,NAXD
14891,NBAS
14892,NCAN
14893,NDN
14894,NDST1
14895,NDST2
14896,NDST4
14897,NDUFA13
14898,NDUFA2
14899,NDUFV1
14900,NEIL3
14901,NEK9
14902,NELL1
14903,NETO2
14904,NEURL1
14905,NF1
14906,NF2
14907,NFIC
14908,NIPAL3
14909,NISCH
14910,NKILA
14911,NKX2-1
14912,NKX3-1
14913,NLRC3
14914,NLRP1
14915,NLRP7
14916,NMBR
14917,NME7
14918,NMNAT3
14919,NNAT
14920,NOL8
14921,NOM1
14922,NONO
14923,NOP16
14924,NOP53
14925,NOP56
14926,NOP9
14927,NORAD
14928,NOTCH3
14929,NOTCH4
14930,NOX3
14931,NPAP1
14932,NPB
14933,NPHP3
14934,NPM
14935,NPM3
14936,NPPC
14937,NR1H2
14938,NR5A1
14939,NRARP
14940,NRSN1
14941,NSD1
14942,NSMF
14943,NSUN6
14944,NT5C
14945,NT5C2
14946,NT5DC1
14947,NTHL1
14948,NTNG1
14949,NTRK3
14950,NUDCD3
14951,NUDT17
14952,NUDT2
14953,NUDT21
14954,NUMA1
14955,NUP214
14956,NUP98
14957,NUS1
14958,NXN
14959,NXPH2
14960,OACYLP
14961,OIP5-AS1
14962,OIT3
14963,OLFML2A
14964,OLFML2B
14965,ONECUT2
14966,OPCML
14967,OR4C13
14968,OR8S1
14969,OSM
14970,OTX2
14971,OVOL1
14972,OVOL2
14973,OXT
14974,P2RY8
14975,PABPC1
14976,PABPC4
14977,PADI4
14978,PAEP
14979,PAG1
14980,PAGE4
14981,PAIP2
14982,PAK4
14983,PAK6
14984,PALB2
14985,PALLD
14986,PAQR4
14987,PARG
14988,PARK7
14989,PARP4
14990,PAS1
14991,PATJ
14992,PAX3
14993,PAX4
14994,PAX5
14995,PAX7
14996,PAX8
14997,PAX9
14998,PBLD
14999,PBRM1
15000,PBSN
15001,PCAT1
15002,PCBD1
15003,PCBP1
15004,PCDH11Y
15005,PCDH8
15006,PCDHB8
15007,PCDHGB6
15008,PCP4
15009,PCSK1N
15010,PDCD1
15011,PDE3B
15012,PDHA1
15013,PDHB
15014,PDLIM4
15015,PDP1
15016,PDPN
15017,PDRG1
15018,PDS5A
15019,PDX1
15020,PDXDC1
15021,PDZK1IP1
15022,PEG3
15023,PENK
15024,PES1
15025,PEX14
15026,PGAM2
15027,PGBD5
15028,PGGT1B
15029,PHC1
15030,PHETA1
15031,PHF21A
15032,PHF6
15033,PHLDB1
15034,PHLPP1
15035,PHOX2B
15036,PIAS3
15037,PICALM
15038,PIGN
15039,PIGP
15040,PIK3C2B
15041,PIK3CB
15042,PIK3CG
15043,PIK3R2
15044,PIN1
15045,PIP4K2A
15046,PIP5K1A
15047,PITPNM3
15048,PITX1
15049,PITX2
15050,PITX3
15051,PKD1
15052,PKHD1
15053,PKNOX2
15054,PKP1
15055,PKP3
15056,PLA2G2D1
15057,PLAG1
15058,PLBD1
15059,PLEK2
15060,PLEKHD1
15061,PLEKHG5
15062,PLEKHS1
15063,PLPP1
15064,PLS1
15065,PLSCR4
15066,PLVAP
15067,PLXDC1
15068,PLXNA3
15069,PMEL
15070,PMM2
15071,PMS1
15072,PMS2
15073,PNKD
15074,PNPT1
15075,POLB
15076,POLD3
15077,POLH
15078,POLK
15079,POLR1D
15080,POLR1H
15081,POLR3K
15082,POP4
15083,POT1
15084,POU4F1
15085,POU6F2
15086,PPAN
15087,PPAP2A
15088,PPFIBP2
15089,PPIC
15090,PPM1E
15091,PPOX
15092,PPP1CC
15093,PPP1R12B
15094,PPP1R14A
15095,PPP1R14B
15096,PPP1R1A
15097,PPP2R1A
15098,PPP2R1B
15099,PPP2R5C
15100,PPP3CC
15101,PPP4R3C
15102,PPP6C
15103,PRAME
15104,PRCC
15105,PRDM14
15106,PRDM2
15107,PRDX5
15108,PREP
15109,PRF1
15110,PRICKLE2
15111,PRKACB
15112,PRKAR1A
15113,PRKCSH
15114,PRKD1
15115,PRKG1
15116,PRMT5
15117,PRPF19
15118,PRR13
15119,PRR5-ARHGAP8
15120,PRRX1
15121,PRSS3
15122,PRSS46
15123,PRTFDC1
15124,PRTN3
15125,PSCA
15126,PSD2
15127,PSD3
15128,PSMA3-AS1
15129,PSMB2
15130,PSME2
15131,PSORS1C2
15132,PTAFR
15133,PTBP1
15134,PTCH2
15135,PTCRA
15136,PTER
15137,PTGER1
15138,PTGER3
15139,PTGES2
15140,PTGIS
15141,PTH
15142,PTOV1
15143,PTPA
15144,PTPN11
15145,PTPN12
15146,PTPN14
15147,PTPN2
15148,PTPRB
15149,PTPRJ
15150,PTPRO
15151,PTRH2
15152,PUF60
15153,PUS1
15154,PVALB
15155,PVR
15156,PVT1
15157,PWAR6
15158,PWWP2B
15159,PXN
15160,PYHIN1
15161,QARS1
15162,RAB23
15163,RAB27A
15164,RAB27B
15165,RAB2A
15166,RAB3A
15167,RAB4B
15168,RABL3
15169,RAC3
15170,RAD21
15171,RAD23A
15172,RAD51D
15173,RAD52
15174,RAD9A
15175,RAG1
15176,RAI1
15177,RALBP1
15178,RALGPS1
15179,RALYL
15180,RANBP10
15181,RANGRF
15182,RARRES2
15183,RASA2
15184,RASAL2
15185,RASGRF2
15186,RASL10B
15187,RASL11A
15188,RASSF2
15189,RASSF3
15190,RASSF5
15191,RASSF8
15192,RATNP-3B
15193,RAX
15194,RB1CC1
15195,RBFOX2
15196,RBM38
15197,RBM7
15198,RBMY
15199,RCCD1
15200,RCHY1
15201,RCL1
15202,RCN1
15203,RCOR1
15204,REC8
15205,RECQL
15206,REG1
15207,REG4
15208,REPS2
15209,REST
15210,RET
15211,RETN
15212,REXO1
15213,RFK
15214,RFWD3
15215,RFX6
15216,RFX7
15217,RGMB
15218,RHBDD1
15219,RHEB
15220,RHOJ
15221,RHPN1
15222,RHPN1-AS1
15223,RHPN2
15224,RIBC2
15225,RIC8A
15226,RIMS2
15227,RIN1
15228,RIOX2
15229,RLIM
15230,RLN2
15231,RMND1
15232,RN7SKP114
15233,RNASEL
15234,RNASET2
15235,RNF115
15236,RNF130
15237,RNF135
15238,RNF139
15239,RNF144B
15240,RNF157
15241,RNF168
15242,RNF180
15243,RNF182
15244,RNF207
15245,RNF31
15246,RNF34
15247,RNF6
15248,RNLS
15249,RNPEP
15250,RNU6-148P
15251,RNU6-456P
15252,RNU6-491P
15253,ROBO2
15254,ROR1
15255,ROS1
15256,RP2
15257,RPL11
15258,RPL12
15259,RPL13A
15260,RPL14
15261,RPL15
15262,RPL18
15263,RPL23A
15264,RPL24
15265,RPL27A
15266,RPL31
15267,RPL36A
15268,RPL37A
15269,RPL3L
15270,RPL5
15271,RPLP2
15272,RPN2
15273,RPP38
15274,RPRD2
15275,RPRM
15276,RPS14
15277,RPS15
15278,RPS21
15279,RPS26
15280,RPS4X
15281,RPS6KB2
15282,RPS8
15283,RRAS2
15284,RRP9
15285,RSPO1
15286,RSPO3
15287,RTBDN
15288,RTEL1
15289,RTP3
15290,RUNX3
15291,RXRB
15292,RYR1
15293,RYR2
15294,S100A7A
15295,S1PR2
15296,SAC3D1
15297,SALL3
15298,SALL4
15299,SAP30L
15300,SATB2
15301,SBP
15302,SCAP
15303,SCG5
15304,SCHLAP1
15305,SCML2
15306,SCRN1
15307,SCT
15308,SDHAF2
15309,SDHC
15310,SDHD
15311,SEC23B
15312,SEC63
15313,SECISBP2L
15314,SELENOS
15315,SEM1
15316,SEMA3B
15317,SEMA4F
15318,SENP6
15319,SEPTIN14
15320,SEPTIN9
15321,SERBP1
15322,SERPINA3
15323,SERPINB10
15324,SERPINB3
15325,SETBP1
15326,SETD2
15327,SETDB1
15328,SF1
15329,SF3B1
15330,SFRP4
15331,SFRP5
15332,SFTPB
15333,SFTPC
15334,SFTPD
15335,SH2B3
15336,SH3GL1
15337,SH3TC1
15338,SHANK1
15339,SHFM1
15340,SHMT2
15341,SIDT2
15342,SIK2
15343,SIL1
15344,SIM1
15345,SINHCAF
15346,SIPA1
15347,SIRPA
15348,SIX1
15349,SIX2
15350,SIX3
15351,SKA3
15352,SKAP1
15353,SLC10A6
15354,SLC12A7
15355,SLC15A2
15356,SLC17A5
15357,SLC22A10
15358,SLC22A15
15359,SLC24A3
15360,SLC25A45
15361,SLC26A4
15362,SLC26A6
15363,SLC28A1
15364,SLC2A10
15365,SLC30A7
15366,SLC35G2
15367,SLC38A9
15368,SLC39A1
15369,SLC39A12
15370,SLC39A4
15371,SLC45A2
15372,SLC4A2
15373,SLC52A3
15374,SLC5A5
15375,SLC5A8
15376,SLC6A11
15377,SLC6A20
15378,SLC6A20B
15379,SLCO1B1
15380,SLCO1B3
15381,SMAD9
15382,SMARCA1
15383,SMARCAD1
15384,SMARCB1
15385,SMARCC1
15386,SMARCD2
15387,SMARCE1
15388,SMC1B
15389,SMC3
15390,SMYD2
15391,SMYD4
15392,SNAP47
15393,SNCG
15394,SNHG11
15395,SNORD118
15396,SNORD22
15397,SNORD50A
15398,SNORD50B
15399,SNRPB
15400,SNRPD3
15401,SNRPG
15402,SNX27
15403,SNX32
15404,SNX5
15405,SOCS1A
15406,SOCS3A
15407,SOCS4
15408,SOCS7
15409,SOX11
15410,SOX15
15411,SOX30
15412,SOX9A
15413,SP140
15414,SP5
15415,SPART
15416,SPATA18
15417,SPATA21
15418,SPDEF
15419,SPEN
15420,SPI1
15421,SPINK5
15422,SPINT2
15423,SPOCK1
15424,SPOP
15425,SPRED1
15426,SPRR2A
15427,SPRTN
15428,SPTBN4
15429,SPZ1
15430,SRCAP
15431,SRD5A2
15432,SRF
15433,SRGAP1
15434,SRMS
15435,SRPX
15436,SRR
15437,SRRT
15438,SRSF10
15439,SS18
15440,SSBP2
15441,SSR2
15442,SST
15443,SSTR1
15444,SSTR2
15445,SSTR3
15446,SSX1
15447,SSX2
15448,ST14
15449,ST3GAL4
15450,ST8SIA6-AS1
15451,STAB2
15452,STAC3
15453,STAG3L1
15454,STARD10
15455,STARD3
15456,STARD8
15457,STIM1
15458,STING1
15459,STK11
15460,STK19
15461,STK36
15462,STN1
15463,STRADA
15464,STRAP
15465,STRBP
15466,STX17
15467,STX4A
15468,STXBP4
15469,SUFU
15470,SUGCT
15471,SULT2B1
15472,SUMO1
15473,SURF4
15474,SUZ12
15475,SVIL
15476,SYCP1
15477,SYK
15478,SYMPK
15479,SYNGR1
15480,SYNJ2
15481,SYNPO2
15482,SYP
15483,SYT4
15484,TAB1
15485,TAF15
15486,TAF1L
15487,TAFA4
15488,TAL1
15489,TAL2
15490,TAS2R60
15491,TATDN1
15492,TBC1D2
15493,TBCB
15494,TBX1
15495,TBX15
15496,TBX2
15497,TBXT
15498,TCEA2
15499,TCEAL7
15500,TCERG1L
15501,TCF15
15502,TCF7L1
15503,TCIM
15504,TCL1B
15505,TCN2
15506,TCTP
15507,TDRG1
15508,TEAD1B
15509,TEAD2
15510,TEDC2
15511,TEP1
15512,TERC
15513,TERF2
15514,TFE3
15515,TGFB1A
15516,TGM3
15517,THAP3
15518,THEM4
15519,THEMIS2
15520,TIAL1
15521,TIAM1
15522,TICRR
15523,TIMD4
15524,TIMM10
15525,TIMM8A1
15526,TIMP4
15527,TIRAP
15528,TJP3
15529,TLE4
15530,TLK1
15531,TLN1
15532,TLR6
15533,TLR7
15534,TLR9
15535,TLX1
15536,TMBIM4
15537,TMEM127
15538,TMEM132B
15539,TMEM132D
15540,TMEM135
15541,TMEM139
15542,TMEM151A
15543,TMEM151B
15544,TMEM17
15545,TMEM231
15546,TMEM238L
15547,TMEM25
15548,TMEM30B
15549,TMEM37
15550,TMEM45A
15551,TMEM59L
15552,TMEM63A
15553,TMEM70
15554,TMF1
15555,TMOD1
15556,TMT1B
15557,TNFRSF13B
15558,TNFRSF8
15559,TNFSF13
15560,TNFSF8
15561,TNPO2
15562,TNRC6B
15563,TNXB
15564,TOM1L1
15565,TOMM40
15566,TONSL
15567,TOPORS
15568,TOR1A
15569,TOX3
15570,TP53BP1
15571,TP53TG1
15572,TPBG
15573,TPH1
15574,TPI
15575,TPT1
15576,TRAF7
15577,TRAIP
15578,TRERF1
15579,TRH
15580,TRIM12A
15581,TRIM28
15582,TRIM29
15583,TRIM47
15584,TRIM49C
15585,TRIO
15586,TRIT1
15587,TRMT11
15588,TROAP
15589,TRP63
15590,TRPM7
15591,TRPS1
15592,TRPV2
15593,TRPV4
15594,TRRAP
15595,TSC1
15596,TSHR
15597,TSPYL4
15598,TTC28
15599,TTC36
15600,TTC39A
15601,TTC9C
15602,TTF1
15603,TTLL9
15604,TUFM
15605,TULP3
15606,TWF1
15607,TXNDC17
15608,TXNDC5
15609,TXNRD2
15610,TYK2
15611,TYR
15612,TYRP1
15613,U2AF1
15614,UBA1
15615,UBE2E2
15616,UBE2H
15617,UBE2I
15618,UBLCP1
15619,UBQLN1
15620,UBXN1
15621,UCHL3
15622,UCP3
15623,UGT2B10
15624,UGT2B15
15625,UGT2B17
15626,ULBP2
15627,ULK2
15628,ULK4
15629,UNC13D
15630,UNC5C
15631,UOX
15632,UPK1B
15633,UQCR11
15634,URI1
15635,URM1
15636,UROC1
15637,USO1
15638,USP28
15639,USP32
15640,USP39
15641,USP4
15642,USP8
15643,UXT
15644,VAMP7
15645,VAV1
15646,VDAC2
15647,VENTX
15648,VGLL2
15649,VHL
15650,VIP
15651,VMO1
15652,VPREB1
15653,WAS
15654,NODAL
15655,MSC
15656,NUDT5
15657,SHARPIN
15658,WBP2
15659,HDAC8
15660,TAM
15661,NM
15662,SRL
15663,AFM
15664,SOX10
15665,NPS
15666,SLN
15667,HT
15668,AMH
15669,XRCC1
15670,FGD3
15671,HOXB@
15672,PI3
15673,PIP
15674,PKN3
15675,FES
15676,REN
15677,FBXO31
15678,GAS5
15679,CCN6
15680,SEA
15681,TENM4
15682,TRPC6
15683,WNT11
15684,TAZ
15685,WWOX
15686,CAMP
15687,PSS
15688,CDC7
15689,SMURF1
15690,SRY
15691,HGS
15692,ZNRF3
15693,ACR
15694,MIP
15695,SENP1
15696,ECD
15697,RAB8A
15698,TRAP
15699,NHS
15700,PTK6
15701,MIB1
15702,PGP
15703,BCAM
15704,SCFV
15705,MIR27B
15706,XBP1
15707,CHM
15708,DSCAM-AS1
15709,AQP5
15710,WNT4
15711,ZEB1
15712,EPHB4
15713,CCT
15714,CARTPT
15715,LAG3
15716,LSINCT5
15717,TFEB
15718,SNHG16
15719,MTO1
15720,NOP2
15721,WEE1
15722,HCC
15723,TINCR
15724,SETD4
15725,SNHG12
15726,PYY
15727,TOP3A
15728,CDK7
15729,CUEDC2
15730,BTC
15731,FAP
15732,HPD
15733,CORT
15734,SETD1A
15735,EPHB1
15736,GATA1
15737,WRN
15738,ZMYND8
15739,SRI
15740,AK6
15741,TFAP2B
15742,GOLPH3
15743,CDK16
15744,AIM2
15745,LINC-PINT
15746,DUOX1
15747,TRIM21
15748,BLACAT1
15749,S100A12
15750,SDF2
15751,HDAC11
15752,HSR
15753,UCA1
15754,YBX1
15755,NEK10
15756,RNF20
15757,CASC15
15758,XRCC2
15759,TYRO3
15760,SRPK1
15761,TTN
15762,MIR155HG
15763,WDR48
15764,CDK8
15765,CD22
15766,SELENOF
15767,CASR
15768,TC2N
15769,GHRH
15770,SIRT7
15771,TRPM2
15772,LINC00963
15773,SEMA4A
15774,NUDT11
15775,DUSP22
15776,CD70
15777,XPO1
15778,MOS
15779,GIP
15780,FENDRR
15781,NEK5
15782,TAS2R38
15783,CNP
15784,TRPC1
15785,GRK2
15786,FAAH
15787,PGLS
15788,WDHD1
15789,DLG5
15790,NECTIN4
15791,CCAT2
15792,TUG1
15793,RNF126
15794,NSD3
15795,NUP88
15796,CLDN18
15797,RNF2
15798,ADAM8
15799,COIL
15800,TBXA2R
15801,DLX6-AS1
15802,TP73-AS1
15803,NEDD8
15804,TMEM219
15805,TRO
15806,ITCH
15807,ZBTB7A
15808,CCAR2
15809,TET1
15810,SNHG7
15811,HHLA2
15812,OTUB1
15813,NMT1
15814,RMST
15815,CCL19
15816,ZNF667-AS1
15817,CCL1
15818,NAIP
15819,FEZF1-AS1
15820,ST2
15821,PDLIM2
15822,YY1
15823,LILRB2
15824,SMS
15825,KAT8
15826,LINP1
15827,LIN9
15828,CCDC170
15829,TCHP
15830,CD1A
15831,LARP7
15832,SNHG6
15833,PIK3C3
15834,MEMO1
15835,ASH2L
15836,TBX5
15837,NEK3
15838,FAM3C
15839,ARSI
15840,CPP
15841,CEACAM5
15842,SIRT1-AS
15843,NNT-AS1
15844,FGL1
15845,ORAI1
15846,FBXO22
15847,NCR3LG1
15848,CCK
15849,SGK3
15850,MOK
15851,WT1
15852,WNT3A
15853,KIN
15854,LMTK3
15855,FOXS1
15856,HOXA1
15857,CAP1
15858,ERAS
15859,BEX2
15860,CXCR1
15861,SMURF2
15862,HLA-G
15863,SENP2
15864,PADI2
15865,TRIM25
15866,MIR2052HG
15867,SPAG6
15868,BTK
15869,ADAMTS18
15870,SRCIN1
15871,EPHA10
15872,XPC
15873,CCS
15874,NSUN2
15875,MCM3AP
15876,G3BP2
15877,CIP2A
15878,FTH1P3
15879,ACKR1
15880,TACSTD2
15881,TFG
15882,EPHA1
15883,PDGFD
15884,ZNF365
15885,SOX12
15886,RSU1
15887,PLPP5
15888,RNH1
15889,PPP1R1B
15890,LUCAT1
15891,RASSF10
15892,USP22
15893,MTA1
15894,SMYD1
15895,ADIPOR1
15896,USP1
15897,TARP
15898,ROR2
15899,LIMK2
15900,PAK5
15901,ASL
15902,HAND2-AS1
15903,RCC1
15904,PTK7
15905,ARNTL
15906,FOXL1
15907,MAZ
15908,LINC00461
15909,PHF5A
15910,PRNCR1
15911,STIM2
15912,KL
15913,ACCS
15914,TUSC2
15915,IRS4
15916,BATF3
15917,NLRC4
15918,CERS6-AS1
15919,XIAP
15920,DMP1
15921,XRCC3
15922,DKK2
15923,FGFRL1
15924,CHD8
15925,YAP1
15926,ORAI3
15927,NIPBL
15928,CRIP1
15929,FANCM
15930,COX2
15931,POLQ
15932,LINC00511
15933,LSM1
15934,S100A16
15935,RAB25
15936,HOXB2
15937,PARP2
15938,MAD2L2
15939,PTPRN2
15940,AFAP1
15941,EMILIN2
15942,ZNF703
15943,S100A2
15944,NEK8
15945,SIN3A
15946,VWF
15947,AFAP1-AS1
15948,TBK1
15949,CXCR6
15950,SOX5
15951,RNF8
15952,AFDN
15953,SOX7
15954,CLEC14A
15955,ACKR2
15956,FOXC2
15957,DACH1
15958,S100A7
15959,ACKR4
15960,SOX8
15961,TPO
15962,2700097O09RIKL
15963,A1BG
15964,9530082P21RIKL
15965,A1CF
15966,4930488N24RIKL
15967,AARD
15968,1700009N14RIKL
15969,143B1
15970,1700001K19RIKL
15971,A3GALT2
15972,18W
15973,6430548M08RIKL
15974,AAGAB
15975,AAK1
15976,AACSP1
15977,4930438A08RIKL
15978,1700012B07RKL
15979,ANGPTL7
15980,AAMP
15981,ABCA2
15982,1-SF
15983,A2ML1
15984,A4GNT
15985,AATK
15986,ACLYA
15987,5-HT1B
15988,ACP2
15989,AASDHPPT
15990,ACAD9
15991,ABHD10
15992,ACP1
15993,ADRA1B
15994,AADACL3
15995,ACS-2
15996,APBA1
15997,AGXTA
15998,ACE1
15999,ALDH5A1
16000,AAGR-2
16001,CD1D
16002,CCKBR
16003,ABHD-11.2
16004,ALKBH2
16005,W
16006,ACTA1B
16007,ACAN
16008,CHRNA4
16009,PIKFYVE
16010,SLC6A3
16011,ABCF1
16012,ABL
16013,ATRNL1
16014,ARHGEF26
16015,AKT1S1
16016,CAR1
16017,ABCB7
16018,ACAP2
16019,OAR1
16020,IYD
16021,ANP32B
16022,ABHD17B
16023,CHRM2
16024,EFCAB10
16025,A2ML
16026,A10
16027,A1BG-AS1
16028,2610318N02RIKL
16029,14-3-3ZETA
16030,A2ML1.L
16031,2600A1A2
16032,42SP50
16033,AAR2
16034,AANAT2
16035,4930596D02RIKL2
16036,AANAT
16037,AADACP1
16038,ABRAXAS1
16039,ABCG2A
16040,4930474N05RIKL1
16041,7B2
16042,3101707
16043,AB124611
16044,AASDH
16045,ABHD12
16046,ABHD17C
16047,ADH5
16048,ADAMTS6
16049,ABCA11P
16050,AAK-2
16051,ACTN3
16052,ALT
16053,A630001G21RIKL
16054,ADORA3
16055,ACTR2
16056,ACOD1
16057,ABCA8B
16058,AKR1C19
16059,BRC-2
16060,ABCA1A
16061,OCA2
16062,CRH
16063,FKBP1B
16064,AGO3
16065,11-BETA-HSD3
16066,DRD1
16067,CYP19A1B
16068,ABCG4
16069,AGMAT
16070,ABCB9
16071,ABCC12
16072,AADACL2FM2
16073,LNCRNA:HSROMEGA
16074,ALDO-2
16075,CYP1A3
16076,AHSA1
16077,AIMP1
16078,AHI1
16079,ARRB2
16080,TRPA1
16081,ATP5A1
16082,ABTS-1
16083,ABCE-1
16084,ALS2
16085,ACR-25
16086,KCNE1
16087,HTR2B
16088,AKAP10
16089,OR136
16090,ACER1
16091,COL10A1
16092,ADCY4
16093,XDH
16094,ACYP2
16095,ARF2
16096,ACSM5
16097,ARHGEF2
16098,4933427D14RIKL
16099,9930111J21RIK2
16100,2010106E10RIKL
16101,143B2
16102,AARSD1
16103,128UP
16104,ABHD11
16105,ACYP1
16106,ABCA8A
16107,ABCA7
16108,AADACL2
16109,ACPH-1
16110,ADGRE4
16111,ACD
16112,ADCY6
16113,ABTB2
16114,AMBRA1
16115,ATP6
16116,ABCC11
16117,ABCF2
16118,ELAVL1
16119,AOC3
16120,ABRAA
16121,HRH1
16122,CBR4
16123,ACVR2B
16124,ACTN2
16125,AOC1
16126,ACP6
16127,BRSK1
16128,C3AR1
16129,ACAA1A
16130,ACAA1B
16131,ALB1
16132,APEH
